"","ref","SampleID","coral_tag","SampleType","field_season","Coral_Species","site","Status","field_season.1","site.1","coral_tag.1","before.after","annotator","date_annotated","colony_width1","colony_width2","colony_area","binary_tissue_loss","binary_disease","cyanobacteria_contact","binary_algal_contact","turf_contact","binary_macroalgae_contact","type_of_macroalgae","binary_CCA_contact","sediment_contact","binary_coral_contact","binary_bleaching","bleaching_proportion","notes_bleaching","notes","Year_Pre_Post","Dist"
"KI15bWSYM023","KI2015b.water23.site8","KI15bWSYM023",NA,"water","KI2015b","water","8",NA,NA,NA,NA,NA,NA,NA,NA,NA,NA,NA,NA,NA,NA,NA,NA,NA,NA,NA,NA,NA,NA,NA,NA,NA,"HighMed"
"KI15aWSYM005","KI2015a_Post.water5.site8","KI15aWSYM005",NA,"water","KI2015a_Post","water","8",NA,NA,NA,NA,NA,NA,NA,NA,NA,NA,NA,NA,NA,NA,NA,NA,NA,NA,NA,NA,NA,NA,NA,NA,NA,"HighMed"
"KI15aWSYM010","KI2015a_Post.water10.site35","KI15aWSYM010",NA,"water","KI2015a_Post","water","35",NA,NA,NA,NA,NA,NA,NA,NA,NA,NA,NA,NA,NA,NA,NA,NA,NA,NA,NA,NA,NA,NA,NA,NA,NA,"HighMed"
"KI15aWSYM011","KI2015a_Post.water11.site35","KI15aWSYM011",NA,"water","KI2015a_Post","water","35",NA,NA,NA,NA,NA,NA,NA,NA,NA,NA,NA,NA,NA,NA,NA,NA,NA,NA,NA,NA,NA,NA,NA,NA,NA,"HighMed"
"KI15aWSYM012","KI2015a_Post.water12.site35","KI15aWSYM012",NA,"water","KI2015a_Post","water","35",NA,NA,NA,NA,NA,NA,NA,NA,NA,NA,NA,NA,NA,NA,NA,NA,NA,NA,NA,NA,NA,NA,NA,NA,NA,"HighMed"
"KI15bSSYM005","KI2015b.sediment5.site35","KI15bSSYM005",NA,"sediment","KI2015b","sediment","35",NA,NA,NA,NA,NA,NA,NA,NA,NA,NA,NA,NA,NA,NA,NA,NA,NA,NA,NA,NA,NA,NA,NA,NA,NA,"HighMed"
"KI15bWSYM018","KI2015b.water18.site27","KI15bWSYM018",NA,"water","KI2015b","water","27",NA,NA,NA,NA,NA,NA,NA,NA,NA,NA,NA,NA,NA,NA,NA,NA,NA,NA,NA,NA,NA,NA,NA,NA,NA,"VeryHigh"
"KI15bSSYM009","KI2015b.sediment9.site30","KI15bSSYM009",NA,"sediment","KI2015b","sediment","30",NA,NA,NA,NA,NA,NA,NA,NA,NA,NA,NA,NA,NA,NA,NA,NA,NA,NA,NA,NA,NA,NA,NA,NA,NA,"VeryHigh"
"KI15aSSYM022","KI2015a_Post.sediment22.site27","KI15aSSYM022",NA,"sediment","KI2015a_Post","sediment","27",NA,NA,NA,NA,NA,NA,NA,NA,NA,NA,NA,NA,NA,NA,NA,NA,NA,NA,NA,NA,NA,NA,NA,NA,NA,"VeryHigh"
"KI15bSSYM021","KI2015b.sediment21.site8","KI15bSSYM021",NA,"sediment","KI2015b","sediment","8",NA,NA,NA,NA,NA,NA,NA,NA,NA,NA,NA,NA,NA,NA,NA,NA,NA,NA,NA,NA,NA,NA,NA,NA,NA,"HighMed"
"KI15bSSYM024","KI2015b.sediment24.site8","KI15bSSYM024",NA,"sediment","KI2015b","sediment","8",NA,NA,NA,NA,NA,NA,NA,NA,NA,NA,NA,NA,NA,NA,NA,NA,NA,NA,NA,NA,NA,NA,NA,NA,NA,"HighMed"
"KI14WSYM004","KI2014.water4.site8","KI14WSYM004",NA,"water","KI2014","water","8",NA,NA,NA,NA,NA,NA,NA,NA,NA,NA,NA,NA,NA,NA,NA,NA,NA,NA,NA,NA,NA,NA,NA,NA,NA,"HighMed"
"KI15aSSYM026","KI2015a_Post.sediment26.site8","KI15aSSYM026",NA,"sediment","KI2015a_Post","sediment","8",NA,NA,NA,NA,NA,NA,NA,NA,NA,NA,NA,NA,NA,NA,NA,NA,NA,NA,NA,NA,NA,NA,NA,NA,NA,"HighMed"
"KI15aWSYM007","KI2015a_Post.water7.site8","KI15aWSYM007",NA,"water","KI2015a_Post","water","8",NA,NA,NA,NA,NA,NA,NA,NA,NA,NA,NA,NA,NA,NA,NA,NA,NA,NA,NA,NA,NA,NA,NA,NA,NA,"HighMed"
"KI15bWSYM001","KI2015b.water1.site35","KI15bWSYM001",NA,"water","KI2015b","water","35",NA,NA,NA,NA,NA,NA,NA,NA,NA,NA,NA,NA,NA,NA,NA,NA,NA,NA,NA,NA,NA,NA,NA,NA,NA,"HighMed"
"KI15bWSYM002","KI2015b.water2.site35","KI15bWSYM002",NA,"water","KI2015b","water","35",NA,NA,NA,NA,NA,NA,NA,NA,NA,NA,NA,NA,NA,NA,NA,NA,NA,NA,NA,NA,NA,NA,NA,NA,NA,"HighMed"
"KI15bWSYM003","KI2015b.water3.site35","KI15bWSYM003",NA,"water","KI2015b","water","35",NA,NA,NA,NA,NA,NA,NA,NA,NA,NA,NA,NA,NA,NA,NA,NA,NA,NA,NA,NA,NA,NA,NA,NA,NA,"HighMed"
"KI15bWSYM007","KI2015b.water7.site30","KI15bWSYM007",NA,"water","KI2015b","water","30",NA,NA,NA,NA,NA,NA,NA,NA,NA,NA,NA,NA,NA,NA,NA,NA,NA,NA,NA,NA,NA,NA,NA,NA,NA,"VeryHigh"
"KI15bWSYM019","KI2015b.water19.site27","KI15bWSYM019",NA,"water","KI2015b","water","27",NA,NA,NA,NA,NA,NA,NA,NA,NA,NA,NA,NA,NA,NA,NA,NA,NA,NA,NA,NA,NA,NA,NA,NA,NA,"VeryHigh"
"KI15bWSYM024","KI2015b.water24.site8","KI15bWSYM024",NA,"water","KI2015b","water","8",NA,NA,NA,NA,NA,NA,NA,NA,NA,NA,NA,NA,NA,NA,NA,NA,NA,NA,NA,NA,NA,NA,NA,NA,NA,"HighMed"
"KI14WSYM001","KI2014.water1.site35","KI14WSYM001",NA,"water","KI2014","water","35",NA,NA,NA,NA,NA,NA,NA,NA,NA,NA,NA,NA,NA,NA,NA,NA,NA,NA,NA,NA,NA,NA,NA,NA,NA,"HighMed"
"KI14WSYM003","KI2014.water3.site8","KI14WSYM003",NA,"water","KI2014","water","8",NA,NA,NA,NA,NA,NA,NA,NA,NA,NA,NA,NA,NA,NA,NA,NA,NA,NA,NA,NA,NA,NA,NA,NA,NA,"HighMed"
"KI14WSYM016","KI2014.water16.site30","KI14WSYM016",NA,"water","KI2014","water","30",NA,NA,NA,NA,NA,NA,NA,NA,NA,NA,NA,NA,NA,NA,NA,NA,NA,NA,NA,NA,NA,NA,NA,NA,NA,"VeryHigh"
"KI15aWSYM013","KI2015a_Post.water13.site27","KI15aWSYM013",NA,"water","KI2015a_Post","water","27",NA,NA,NA,NA,NA,NA,NA,NA,NA,NA,NA,NA,NA,NA,NA,NA,NA,NA,NA,NA,NA,NA,NA,NA,NA,"VeryHigh"
"KI15bWSYM004","KI2015b.water4.site35","KI15bWSYM004",NA,"water","KI2015b","water","35",NA,NA,NA,NA,NA,NA,NA,NA,NA,NA,NA,NA,NA,NA,NA,NA,NA,NA,NA,NA,NA,NA,NA,NA,NA,"HighMed"
"KI14WSYM015","KI2014.water15.site30","KI14WSYM015",NA,"water","KI2014","water","30",NA,NA,NA,NA,NA,NA,NA,NA,NA,NA,NA,NA,NA,NA,NA,NA,NA,NA,NA,NA,NA,NA,NA,NA,NA,"VeryHigh"
"KI14WSYM032","KI2014.water32.site30","KI14WSYM032",NA,"water","KI2014","water","30",NA,NA,NA,NA,NA,NA,NA,NA,NA,NA,NA,NA,NA,NA,NA,NA,NA,NA,NA,NA,NA,NA,NA,NA,NA,"VeryHigh"
"KI14SSYM050","KI2014.sediment50.site35","KI14SSYM050",NA,"sediment","KI2014","sediment","35",NA,NA,NA,NA,NA,NA,NA,NA,NA,NA,NA,NA,NA,NA,NA,NA,NA,NA,NA,NA,NA,NA,NA,NA,NA,"HighMed"
"KI15bSSYM023","KI2015b.sediment23.site8","KI15bSSYM023",NA,"sediment","KI2015b","sediment","8",NA,NA,NA,NA,NA,NA,NA,NA,NA,NA,NA,NA,NA,NA,NA,NA,NA,NA,NA,NA,NA,NA,NA,NA,NA,"HighMed"
"KI15aWSYM009","KI2015a_Post.water9.site35","KI15aWSYM009",NA,"water","KI2015a_Post","water","35",NA,NA,NA,NA,NA,NA,NA,NA,NA,NA,NA,NA,NA,NA,NA,NA,NA,NA,NA,NA,NA,NA,NA,NA,NA,"HighMed"
"KI15aWSYM017","KI2015a_Post.water17.site30","KI15aWSYM017",NA,"water","KI2015a_Post","water","30",NA,NA,NA,NA,NA,NA,NA,NA,NA,NA,NA,NA,NA,NA,NA,NA,NA,NA,NA,NA,NA,NA,NA,NA,NA,"VeryHigh"
"KI15aSSYM027","KI2015a_Post.sediment27.site8","KI15aSSYM027",NA,"sediment","KI2015a_Post","sediment","8",NA,NA,NA,NA,NA,NA,NA,NA,NA,NA,NA,NA,NA,NA,NA,NA,NA,NA,NA,NA,NA,NA,NA,NA,NA,"HighMed"
"KI14SSYM010","KI2014.sediment10.site35","KI14SSYM010",NA,"sediment","KI2014","sediment","35",NA,NA,NA,NA,NA,NA,NA,NA,NA,NA,NA,NA,NA,NA,NA,NA,NA,NA,NA,NA,NA,NA,NA,NA,NA,"HighMed"
"KI14WSYM005","KI2014.water5.site35","KI14WSYM005",NA,"water","KI2014","water","35",NA,NA,NA,NA,NA,NA,NA,NA,NA,NA,NA,NA,NA,NA,NA,NA,NA,NA,NA,NA,NA,NA,NA,NA,NA,"HighMed"
"KI14WSYM028","KI2014.water28.site35","KI14WSYM028",NA,"water","KI2014","water","35",NA,NA,NA,NA,NA,NA,NA,NA,NA,NA,NA,NA,NA,NA,NA,NA,NA,NA,NA,NA,NA,NA,NA,NA,NA,"HighMed"
"KI14WSYM029","KI2014.water29.site35","KI14WSYM029",NA,"water","KI2014","water","35",NA,NA,NA,NA,NA,NA,NA,NA,NA,NA,NA,NA,NA,NA,NA,NA,NA,NA,NA,NA,NA,NA,NA,NA,NA,"HighMed"
"KI14WSYM031","KI2014.water31.site8","KI14WSYM031",NA,"water","KI2014","water","8",NA,NA,NA,NA,NA,NA,NA,NA,NA,NA,NA,NA,NA,NA,NA,NA,NA,NA,NA,NA,NA,NA,NA,NA,NA,"HighMed"
"KI15aWSYM020","KI2015a_Post.water20.site30","KI15aWSYM020",NA,"water","KI2015a_Post","water","30",NA,NA,NA,NA,NA,NA,NA,NA,NA,NA,NA,NA,NA,NA,NA,NA,NA,NA,NA,NA,NA,NA,NA,NA,NA,"VeryHigh"
"KI15bWSYM006","KI2015b.water6.site30","KI15bWSYM006",NA,"water","KI2015b","water","30",NA,NA,NA,NA,NA,NA,NA,NA,NA,NA,NA,NA,NA,NA,NA,NA,NA,NA,NA,NA,NA,NA,NA,NA,NA,"VeryHigh"
"KI15aSSYM008","KI2015a_Post.sediment8.site35","KI15aSSYM008",NA,"sediment","KI2015a_Post","sediment","35",NA,NA,NA,NA,NA,NA,NA,NA,NA,NA,NA,NA,NA,NA,NA,NA,NA,NA,NA,NA,NA,NA,NA,NA,NA,"HighMed"
"KI15bSSYM014","KI2015b.sediment14.site27","KI15bSSYM014",NA,"sediment","KI2015b","sediment","27",NA,NA,NA,NA,NA,NA,NA,NA,NA,NA,NA,NA,NA,NA,NA,NA,NA,NA,NA,NA,NA,NA,NA,NA,NA,"VeryHigh"
"KI14WSYM030","KI2014.water30.site35","KI14WSYM030",NA,"water","KI2014","water","35",NA,NA,NA,NA,NA,NA,NA,NA,NA,NA,NA,NA,NA,NA,NA,NA,NA,NA,NA,NA,NA,NA,NA,NA,NA,"HighMed"
"KI14SSYM015","KI2014.sediment15.site30","KI14SSYM015",NA,"sediment","KI2014","sediment","30",NA,NA,NA,NA,NA,NA,NA,NA,NA,NA,NA,NA,NA,NA,NA,NA,NA,NA,NA,NA,NA,NA,NA,NA,NA,"VeryHigh"
"KI15bSSYM013","KI2015b.sediment13.site27","KI15bSSYM013",NA,"sediment","KI2015b","sediment","27",NA,NA,NA,NA,NA,NA,NA,NA,NA,NA,NA,NA,NA,NA,NA,NA,NA,NA,NA,NA,NA,NA,NA,NA,NA,"VeryHigh"
"KI14SSYM063","KI2014.sediment63.site27","KI14SSYM063",NA,"sediment","KI2014","sediment","27",NA,NA,NA,NA,NA,NA,NA,NA,NA,NA,NA,NA,NA,NA,NA,NA,NA,NA,NA,NA,NA,NA,NA,NA,NA,"VeryHigh"
"KI14SSYM020","KI2014.sediment20.site30","KI14SSYM020",NA,"sediment","KI2014","sediment","30",NA,NA,NA,NA,NA,NA,NA,NA,NA,NA,NA,NA,NA,NA,NA,NA,NA,NA,NA,NA,NA,NA,NA,NA,NA,"VeryHigh"
"KI15aSSYM009","KI2015a_Post.sediment9.site35","KI15aSSYM009",NA,"sediment","KI2015a_Post","sediment","35",NA,NA,NA,NA,NA,NA,NA,NA,NA,NA,NA,NA,NA,NA,NA,NA,NA,NA,NA,NA,NA,NA,NA,NA,NA,"HighMed"
"KI15aSSYM013","KI2015a_Post.sediment13.site30","KI15aSSYM013",NA,"sediment","KI2015a_Post","sediment","30",NA,NA,NA,NA,NA,NA,NA,NA,NA,NA,NA,NA,NA,NA,NA,NA,NA,NA,NA,NA,NA,NA,NA,NA,NA,"VeryHigh"
"KI15aSSYM014","KI2015a_Post.sediment14.site30","KI15aSSYM014",NA,"sediment","KI2015a_Post","sediment","30",NA,NA,NA,NA,NA,NA,NA,NA,NA,NA,NA,NA,NA,NA,NA,NA,NA,NA,NA,NA,NA,NA,NA,NA,NA,"VeryHigh"
"KI15aSSYM015","KI2015a_Post.sediment15.site30","KI15aSSYM015",NA,"sediment","KI2015a_Post","sediment","30",NA,NA,NA,NA,NA,NA,NA,NA,NA,NA,NA,NA,NA,NA,NA,NA,NA,NA,NA,NA,NA,NA,NA,NA,NA,"VeryHigh"
"KI15aSSYM019","KI2015a_Post.sediment19.site27","KI15aSSYM019",NA,"sediment","KI2015a_Post","sediment","27",NA,NA,NA,NA,NA,NA,NA,NA,NA,NA,NA,NA,NA,NA,NA,NA,NA,NA,NA,NA,NA,NA,NA,NA,NA,"VeryHigh"
"KI15aSSYM020","KI2015a_Post.sediment20.site27","KI15aSSYM020",NA,"sediment","KI2015a_Post","sediment","27",NA,NA,NA,NA,NA,NA,NA,NA,NA,NA,NA,NA,NA,NA,NA,NA,NA,NA,NA,NA,NA,NA,NA,NA,NA,"VeryHigh"
"KI15aSSYM024","KI2015a_Post.sediment24.site27","KI15aSSYM024",NA,"sediment","KI2015a_Post","sediment","27",NA,NA,NA,NA,NA,NA,NA,NA,NA,NA,NA,NA,NA,NA,NA,NA,NA,NA,NA,NA,NA,NA,NA,NA,NA,"VeryHigh"
"KI15bSSYM004","KI2015b.sediment4.site35","KI15bSSYM004",NA,"sediment","KI2015b","sediment","35",NA,NA,NA,NA,NA,NA,NA,NA,NA,NA,NA,NA,NA,NA,NA,NA,NA,NA,NA,NA,NA,NA,NA,NA,NA,"HighMed"
"KI15bSSYM019","KI2015b.sediment19.site8","KI15bSSYM019",NA,"sediment","KI2015b","sediment","8",NA,NA,NA,NA,NA,NA,NA,NA,NA,NA,NA,NA,NA,NA,NA,NA,NA,NA,NA,NA,NA,NA,NA,NA,NA,"HighMed"
"KI15bSSYM022","KI2015b.sediment22.site8","KI15bSSYM022",NA,"sediment","KI2015b","sediment","8",NA,NA,NA,NA,NA,NA,NA,NA,NA,NA,NA,NA,NA,NA,NA,NA,NA,NA,NA,NA,NA,NA,NA,NA,NA,"HighMed"
"KI15aFSYM087","KI2015a_Post.tag8","KI15aFSYM087","8","coral","KI2015a_Post","Porites_lobata","35","UK",NA,NA,NA,NA,NA,NA,NA,NA,NA,NA,NA,NA,NA,NA,NA,NA,NA,NA,NA,NA,NA,NA,NA,NA,"HighMed"
"KI15bFSYM035","KI2015b.tag119","KI15bFSYM035","119","coral","KI2015b","Porites_lobata","35","gone","KI2015b",35,"119","","HD","5/8/2016","18.427","13.449","142.992","n","n","n","y","y","y","Halimeda","y","y","y","y","1","one small patch","","KI2015b","HighMed"
"KI14FSYM131","KI2014.tag131","KI14FSYM131","131","coral","KI2014","Porites_lobata","30","UK","KI2014",30,"131","","DL","18-02-2016","29.438","30.05","590.799","n","y","n","y","y","n","NONE","y","n","y","y","1","yes, bleaching","","KI2014","VeryHigh"
"KI14FSYM087","KI2014.tag87","KI14FSYM087","87","coral","KI2014","Porites_lobata","35","UK","KI2014",35,"87","","DL","17-02-2016","61.25","32.942","1427.264","n","y","n","y","y","y","Halimeda, Peysson_red","y","y","y","n","NONE","","","KI2014","HighMed"
"KI15aFSYM137","KI2015a_Post.tag144","KI15aFSYM137","144","coral","KI2015a_Post","Porites_lobata","30","gone","KI2015a",30,"144","_Post","JL","23-03-2016","31.01","26.136","563.641","n","n","n","y","y","n","NONE","y","y","n","y","1","one patch of bleaching along edge ","","KI2015a_Post","VeryHigh"
"KI14SSYM017","KI2014.sediment17.site30","KI14SSYM017",NA,"sediment","KI2014","sediment","30",NA,NA,NA,NA,NA,NA,NA,NA,NA,NA,NA,NA,NA,NA,NA,NA,NA,NA,NA,NA,NA,NA,NA,NA,NA,"VeryHigh"
"KI14SSYM059","KI2014.sediment59.site27","KI14SSYM059",NA,"sediment","KI2014","sediment","27",NA,NA,NA,NA,NA,NA,NA,NA,NA,NA,NA,NA,NA,NA,NA,NA,NA,NA,NA,NA,NA,NA,NA,NA,NA,"VeryHigh"
"KI15bSSYM012","KI2015b.sediment12.site30","KI15bSSYM012",NA,"sediment","KI2015b","sediment","30",NA,NA,NA,NA,NA,NA,NA,NA,NA,NA,NA,NA,NA,NA,NA,NA,NA,NA,NA,NA,NA,NA,NA,NA,NA,"VeryHigh"
"KI15bSSYM002","KI2015b.sediment2.site35","KI15bSSYM002",NA,"sediment","KI2015b","sediment","35",NA,NA,NA,NA,NA,NA,NA,NA,NA,NA,NA,NA,NA,NA,NA,NA,NA,NA,NA,NA,NA,NA,NA,NA,NA,"HighMed"
"KI14SSYM006","KI2014.sediment6.site8","KI14SSYM006",NA,"sediment","KI2014","sediment","8",NA,NA,NA,NA,NA,NA,NA,NA,NA,NA,NA,NA,NA,NA,NA,NA,NA,NA,NA,NA,NA,NA,NA,NA,NA,"HighMed"
"KI14WSYM006","KI2014.water6.site35","KI14WSYM006",NA,"water","KI2014","water","35",NA,NA,NA,NA,NA,NA,NA,NA,NA,NA,NA,NA,NA,NA,NA,NA,NA,NA,NA,NA,NA,NA,NA,NA,NA,"HighMed"
"KI14WSYM007","KI2014.water7.site35","KI14WSYM007",NA,"water","KI2014","water","35",NA,NA,NA,NA,NA,NA,NA,NA,NA,NA,NA,NA,NA,NA,NA,NA,NA,NA,NA,NA,NA,NA,NA,NA,NA,"HighMed"
"KI14WSYM021","KI2014.water21.site8","KI14WSYM021",NA,"water","KI2014","water","8",NA,NA,NA,NA,NA,NA,NA,NA,NA,NA,NA,NA,NA,NA,NA,NA,NA,NA,NA,NA,NA,NA,NA,NA,NA,"HighMed"
"KI14WSYM008","KI2014.water8.site30","KI14WSYM008",NA,"water","KI2014","water","30",NA,NA,NA,NA,NA,NA,NA,NA,NA,NA,NA,NA,NA,NA,NA,NA,NA,NA,NA,NA,NA,NA,NA,NA,NA,"VeryHigh"
"KI15bSSYM007","KI2015b.sediment7.site30","KI15bSSYM007",NA,"sediment","KI2015b","sediment","30",NA,NA,NA,NA,NA,NA,NA,NA,NA,NA,NA,NA,NA,NA,NA,NA,NA,NA,NA,NA,NA,NA,NA,NA,NA,"VeryHigh"
"KI14SSYM018","KI2014.sediment18.site30","KI14SSYM018",NA,"sediment","KI2014","sediment","30",NA,NA,NA,NA,NA,NA,NA,NA,NA,NA,NA,NA,NA,NA,NA,NA,NA,NA,NA,NA,NA,NA,NA,NA,NA,"VeryHigh"
"KI14WSYM017","KI2014.water17.site30","KI14WSYM017",NA,"water","KI2014","water","30",NA,NA,NA,NA,NA,NA,NA,NA,NA,NA,NA,NA,NA,NA,NA,NA,NA,NA,NA,NA,NA,NA,NA,NA,NA,"VeryHigh"
"KI15bWSYM008","KI2015b.water8.site30","KI15bWSYM008",NA,"water","KI2015b","water","30",NA,NA,NA,NA,NA,NA,NA,NA,NA,NA,NA,NA,NA,NA,NA,NA,NA,NA,NA,NA,NA,NA,NA,NA,NA,"VeryHigh"
"KI15aWSYM018","KI2015a_Post.water18.site30","KI15aWSYM018",NA,"water","KI2015a_Post","water","30",NA,NA,NA,NA,NA,NA,NA,NA,NA,NA,NA,NA,NA,NA,NA,NA,NA,NA,NA,NA,NA,NA,NA,NA,NA,"VeryHigh"
"KI15bFSYM055","KI2015b.tag152","KI15bFSYM055","152","coral","KI2015b","Pocillopora_eydouxi","30","alive","KI2015b",30,"152","","HD","15-09-2016","30.14","27.277","491.167","n","n","n","y","y","n","NONE","y","y","n","n","NONE","","","KI2015b","VeryHigh"
"KI15aWSYM019","KI2015a_Post.water19.site30","KI15aWSYM019",NA,"water","KI2015a_Post","water","30",NA,NA,NA,NA,NA,NA,NA,NA,NA,NA,NA,NA,NA,NA,NA,NA,NA,NA,NA,NA,NA,NA,NA,NA,NA,"VeryHigh"
"KI15bWSYM005","KI2015b.water5.site30","KI15bWSYM005",NA,"water","KI2015b","water","30",NA,NA,NA,NA,NA,NA,NA,NA,NA,NA,NA,NA,NA,NA,NA,NA,NA,NA,NA,NA,NA,NA,NA,NA,NA,"VeryHigh"
"KI14SSYM004","KI2014.sediment4.site8","KI14SSYM004",NA,"sediment","KI2014","sediment","8",NA,NA,NA,NA,NA,NA,NA,NA,NA,NA,NA,NA,NA,NA,NA,NA,NA,NA,NA,NA,NA,NA,NA,NA,NA,"HighMed"
"KI14SSYM019","KI2014.sediment19.site30","KI14SSYM019",NA,"sediment","KI2014","sediment","30",NA,NA,NA,NA,NA,NA,NA,NA,NA,NA,NA,NA,NA,NA,NA,NA,NA,NA,NA,NA,NA,NA,NA,NA,NA,"VeryHigh"
"KI14SSYM060","KI2014.sediment60.site27","KI14SSYM060",NA,"sediment","KI2014","sediment","27",NA,NA,NA,NA,NA,NA,NA,NA,NA,NA,NA,NA,NA,NA,NA,NA,NA,NA,NA,NA,NA,NA,NA,NA,NA,"VeryHigh"
"KI14SSYM003","KI2014.sediment3.site8","KI14SSYM003",NA,"sediment","KI2014","sediment","8",NA,NA,NA,NA,NA,NA,NA,NA,NA,NA,NA,NA,NA,NA,NA,NA,NA,NA,NA,NA,NA,NA,NA,NA,NA,"HighMed"
"KI14SSYM007","KI2014.sediment7.site8","KI14SSYM007",NA,"sediment","KI2014","sediment","8",NA,NA,NA,NA,NA,NA,NA,NA,NA,NA,NA,NA,NA,NA,NA,NA,NA,NA,NA,NA,NA,NA,NA,NA,NA,"HighMed"
"KI14SSYM008","KI2014.sediment8.site8","KI14SSYM008",NA,"sediment","KI2014","sediment","8",NA,NA,NA,NA,NA,NA,NA,NA,NA,NA,NA,NA,NA,NA,NA,NA,NA,NA,NA,NA,NA,NA,NA,NA,NA,"HighMed"
"KI14SSYM012","KI2014.sediment12.site35","KI14SSYM012",NA,"sediment","KI2014","sediment","35",NA,NA,NA,NA,NA,NA,NA,NA,NA,NA,NA,NA,NA,NA,NA,NA,NA,NA,NA,NA,NA,NA,NA,NA,NA,"HighMed"
"KI14SSYM016","KI2014.sediment16.site30","KI14SSYM016",NA,"sediment","KI2014","sediment","30",NA,NA,NA,NA,NA,NA,NA,NA,NA,NA,NA,NA,NA,NA,NA,NA,NA,NA,NA,NA,NA,NA,NA,NA,NA,"VeryHigh"
"KI15bSSYM016","KI2015b.sediment16.site27","KI15bSSYM016",NA,"sediment","KI2015b","sediment","27",NA,NA,NA,NA,NA,NA,NA,NA,NA,NA,NA,NA,NA,NA,NA,NA,NA,NA,NA,NA,NA,NA,NA,NA,NA,"VeryHigh"
"KI14SSYM058","KI2014.sediment58.site27","KI14SSYM058",NA,"sediment","KI2014","sediment","27",NA,NA,NA,NA,NA,NA,NA,NA,NA,NA,NA,NA,NA,NA,NA,NA,NA,NA,NA,NA,NA,NA,NA,NA,NA,"VeryHigh"
"KI15bSSYM018","KI2015b.sediment18.site27","KI15bSSYM018",NA,"sediment","KI2015b","sediment","27",NA,NA,NA,NA,NA,NA,NA,NA,NA,NA,NA,NA,NA,NA,NA,NA,NA,NA,NA,NA,NA,NA,NA,NA,NA,"VeryHigh"
"KI14SSYM061","KI2014.sediment61.site27","KI14SSYM061",NA,"sediment","KI2014","sediment","27",NA,NA,NA,NA,NA,NA,NA,NA,NA,NA,NA,NA,NA,NA,NA,NA,NA,NA,NA,NA,NA,NA,NA,NA,NA,"VeryHigh"
"KI14SSYM005","KI2014.sediment5.site8","KI14SSYM005",NA,"sediment","KI2014","sediment","8",NA,NA,NA,NA,NA,NA,NA,NA,NA,NA,NA,NA,NA,NA,NA,NA,NA,NA,NA,NA,NA,NA,NA,NA,NA,"HighMed"
"KI15bFSYM074","KI2015b.tag441","KI15bFSYM074","441","coral","KI2015b","Porites_lobata","30","alive","KI2015b",30,"441","","JM","2/6/2016","78.904","45.513","2309.677","n","y","n","y","y","n","NONE","y","y","n","n","NONE","","","KI2015b","VeryHigh"
"KI15bSSYM017","KI2015b.sediment17.site27","KI15bSSYM017",NA,"sediment","KI2015b","sediment","27",NA,NA,NA,NA,NA,NA,NA,NA,NA,NA,NA,NA,NA,NA,NA,NA,NA,NA,NA,NA,NA,NA,NA,NA,NA,"VeryHigh"
"KI15bFSYM049","KI2015b.tag144","KI15bFSYM049","144","coral","KI2015b","Porites_lobata","30","gone","KI2015b",30,"144","","HD","15-09-2016","26.836","23.576","438.711","n","n","n","y","y","n","NONE","y","y","y","y","1","many small spots","","KI2015b","VeryHigh"
"KI14FSYM007","KI2014.tag7","KI14FSYM007","7","coral","KI2014","Montipora_foliosa","35","UK","KI2014",35,"7","","JL","20-01-2016","59.009","41.408","1407.356","n","n","n","y","y","y","Halimeda, Caulerpa","n","y","y","y","1","a few small bleach spots <5cm, lecahing around the edges of algae patches ","","KI2014","HighMed"
"KI15bSSYM015","KI2015b.sediment15.site27","KI15bSSYM015",NA,"sediment","KI2015b","sediment","27",NA,NA,NA,NA,NA,NA,NA,NA,NA,NA,NA,NA,NA,NA,NA,NA,NA,NA,NA,NA,NA,NA,NA,NA,NA,"VeryHigh"
"KI15aSSYM011","KI2015a_Post.sediment11.site35","KI15aSSYM011",NA,"sediment","KI2015a_Post","sediment","35",NA,NA,NA,NA,NA,NA,NA,NA,NA,NA,NA,NA,NA,NA,NA,NA,NA,NA,NA,NA,NA,NA,NA,NA,NA,"HighMed"
"KI15bSSYM006","KI2015b.sediment6.site35","KI15bSSYM006",NA,"sediment","KI2015b","sediment","35",NA,NA,NA,NA,NA,NA,NA,NA,NA,NA,NA,NA,NA,NA,NA,NA,NA,NA,NA,NA,NA,NA,NA,NA,NA,"HighMed"
"KI15aSSYM010","KI2015a_Post.sediment10.site35","KI15aSSYM010",NA,"sediment","KI2015a_Post","sediment","35",NA,NA,NA,NA,NA,NA,NA,NA,NA,NA,NA,NA,NA,NA,NA,NA,NA,NA,NA,NA,NA,NA,NA,NA,NA,"HighMed"
"KI15bSSYM010","KI2015b.sediment10.site30","KI15bSSYM010",NA,"sediment","KI2015b","sediment","30",NA,NA,NA,NA,NA,NA,NA,NA,NA,NA,NA,NA,NA,NA,NA,NA,NA,NA,NA,NA,NA,NA,NA,NA,NA,"VeryHigh"
"KI15aFSYM129","KI2015a_Post.tag133","KI15aFSYM129","133","coral","KI2015a_Post","Montipora_foliosa","30","gone","KI2015a",30,"133","_Post","JL","24-03-2016","35.953","19.547","468.871","n","n","n","y","y","n","NONE","y","y","y","n","NONE","","","KI2015a_Post","VeryHigh"
"KI15aFSYM141","KI2015a_Post.tag147","KI15aFSYM141","147","coral","KI2015a_Post","Montipora_foliosa","30","UK","KI2015a",30,"147","_Post","JL","24-03-2016","49.306","24.2","825.566","n","n","n","y","y","n","NONE","y","y","y","n","NONE","","","KI2015a_Post","VeryHigh"
"KI14FSYM076","KI2014.tag76","KI14FSYM076","76","coral","KI2014","Montipora_foliosa","8","dead","KI2014",8,"76","","JL","9/3/2016","27.318","21.296","311.264","n","n","n","y","y","y","Halimeda, Caulerpa","y","y","n","y","1","bleached spots along two edges","","KI2014","HighMed"
"KI15aFSYM166","KI2015a_Post.tag43","KI15aFSYM166","43","coral","KI2015a_Post","Pocillopora_eydouxi","27","UK","KI2015a",27,"43","_Post","JL","24-03-2016","14.711","13.384","104.545","n","n","n","y","y","n","NONE","n","y","n","y","1","one bleached patch near base of branch ","","KI2015a_Post","VeryHigh"
"KI15bSSYM001","KI2015b.sediment1.site35","KI15bSSYM001",NA,"sediment","KI2015b","sediment","35",NA,NA,NA,NA,NA,NA,NA,NA,NA,NA,NA,NA,NA,NA,NA,NA,NA,NA,NA,NA,NA,NA,NA,NA,NA,"HighMed"
"KI15bFSYM062","KI2015b.tag430","KI15bFSYM062","430","coral","KI2015b","Porites_lobata","30","UK","KI2015b",30,"430","","HD","15-09-2016","40.411","34.022","1148.157","n","y","n","y","y","n","NONE","y","y","y","n","NONE","","","KI2015b","VeryHigh"
"KI15aFSYM016","KI2015a_Pre.tag88","KI15aFSYM016","88","coral","KI2015a_Pre","Pocillopora_eydouxi","35","dead","KI2015a",35,"88","_Pre","HD","16-09-2016","NONE","NONE","NONE","n","n","n","y","y","y","Halimeda","n","y","y","n","NONE","","","KI2015a_Pre","HighMed"
"KI15aFSYM017","KI2015a_Pre.tag90_690","KI15aFSYM017","90_690","coral","KI2015a_Pre","Montipora_foliosa","35","dead","KI2015a",35,"90_690","_Pre","JL","24-03-2016","28.48","23.133","544.231","n","n","n","y","y","n","NONE","n","y","y","n","NONE ","","","KI2015a_Pre","HighMed"
"KI15bFSYM056","KI2015b.tag385","KI15bFSYM056","385","coral","KI2015b","Montipora_foliosa","30","dead","KI2015b",30,"385","","HD","15-09-2016","30.384","19.301","397.099","n","n","n","y","y","n","NONE","y","y","y","n","NONE","","","KI2015b","VeryHigh"
"KI14FSYM105","KI2014.tag105","KI14FSYM105","105","coral","KI2014","Montipora_foliosa","35","dead","KI2014",35,"105","","JL","9/3/2016","56.738","57.923","1925.357","n","n","n","y","y","y","Halimeda","y","y","y","n","NONE","","","KI2014","HighMed"
"KI15aFSYM094","KI2015a_Post.tag636","KI15aFSYM094","636","coral","KI2015a_Post","Pocillopora_eydouxi","35","UK","KI2015a",35,"636","_Post","JL","22-03-2016","23.371","16.378","219.488","n","n","n","y","y","n","NONE","y","y","n","y","2","large bleached spot around base ","","KI2015a_Post","HighMed"
"KI15aSSYM016","KI2015a_Post.sediment16.site30","KI15aSSYM016",NA,"sediment","KI2015a_Post","sediment","30",NA,NA,NA,NA,NA,NA,NA,NA,NA,NA,NA,NA,NA,NA,NA,NA,NA,NA,NA,NA,NA,NA,NA,NA,NA,"VeryHigh"
"KI14SSYM011","KI2014.sediment11.site35","KI14SSYM011",NA,"sediment","KI2014","sediment","35",NA,NA,NA,NA,NA,NA,NA,NA,NA,NA,NA,NA,NA,NA,NA,NA,NA,NA,NA,NA,NA,NA,NA,NA,NA,"HighMed"
"KI15bFSYM201","KI2015b.tag723","KI15bFSYM201","723","coral","KI2015b","Porites_lobata","27","alive","KI2015b",27,"723","","HD","20-05-2016","23.15","18.263","233.628","n","y","n","y","y","n","NONE","n","y","y","y","1","many small spots","","KI2015b","VeryHigh"
"KI15bFSYM168","KI2015b.tag63","KI15bFSYM168","63","coral","KI2015b","Porites_lobata","8","alive","KI2015b",8,"63","","JM","1/6/2016","61.645","43.776","1643.114","n","y","n","y","y","n","NONE","y","y","y","n","NONE","","","KI2015b","HighMed"
"KI14SSYM013","KI2014.sediment13.site35","KI14SSYM013",NA,"sediment","KI2014","sediment","35",NA,NA,NA,NA,NA,NA,NA,NA,NA,NA,NA,NA,NA,NA,NA,NA,NA,NA,NA,NA,NA,NA,NA,NA,NA,"HighMed"
"KI14FSYM467","KI2014.tag467","KI14FSYM467","467","coral","KI2014","Porites_lobata","27","UK","KI2014",27,"467","","JL","18-03-2016","11.965","9.733","84.489","n","y ","n","y","y","n","NONE","y","y","n","n","NONE","","","KI2014","VeryHigh"
"KI15bFSYM051","KI2015b.tag145","KI15bFSYM051","145","coral","KI2015b","Pocillopora_eydouxi","30","gone","KI2015b",30,"145","","HD","15-09-2016","24.617","23.927","348.784","n","n","n","y","y","n","NONE","y","y","y","n","NONE","","","KI2015b","VeryHigh"
"KI15bFSYM027","KI2015b.tag102","KI15bFSYM027","102","coral","KI2015b","Montipora_foliosa","35","dead","KI2015b",35,"102","","HD","5/8/2016","30.983","14.022","339.694","n","n","n","y","y","y","Halimeda","y","y","y","n","NONE","","","KI2015b","HighMed"
"KI15bFSYM030","KI2015b.tag110","KI15bFSYM030","110","coral","KI2015b","Montipora_foliosa","35","dead","KI2015b",35,"110","","HD","5/8/2016","20.918","12.385","137.953","n","n","n","y","y","n","NONE","y","y","y","n","NONE","","","KI2015b","HighMed"
"KI15bFSYM144","KI2015b.tag44","KI15bFSYM144","44","coral","KI2015b","Montipora_foliosa","27","gone","KI2015b",27,"44","","JL","6/5/2016","17.027","13.876","163.319","n","n","n","y","y","n","NONE","n","y","n","y","1","one bleached patch and some bleaching along one edge, 9cm scale was used","","KI2015b","VeryHigh"
"KI14FSYM149","KI2014.tag149","KI14FSYM149","149","coral","KI2014","Pocillopora_eydouxi","30","dead","KI2014",30,"149","","DL","4/2/2016","22.456","17.104","23.104","n","n","n","y","y","n","NONE","y","n","n","n","NONE","","","KI2014","VeryHigh"
"KI15aSSYM012","KI2015a_Post.sediment12.site35","KI15aSSYM012",NA,"sediment","KI2015a_Post","sediment","35",NA,NA,NA,NA,NA,NA,NA,NA,NA,NA,NA,NA,NA,NA,NA,NA,NA,NA,NA,NA,NA,NA,NA,NA,NA,"HighMed"
"KI15bFSYM021","KI2015b.tag92_860","KI15bFSYM021","92_860","coral","KI2015b","Pocillopora_eydouxi","35","gone","KI2015b",35,"92_860","","HD","5/8/2016","29.539","20.97","368.542","n","n","n","y","y","n","NONE","n","y","y","n","NONE","","","KI2015b","HighMed"
"KI15bFSYM028","KI2015b.tag106","KI15bFSYM028","106","coral","KI2015b","Pocillopora_eydouxi","35","dead","KI2015b",35,"106","","HD","5/8/2016","41.399","37.184","878.022","n","n","n","y","y","n","NONE","y","y","y","y","1","one branch on left side bleached","","KI2015b","HighMed"
"KI15bSSYM003","KI2015b.sediment3.site35","KI15bSSYM003",NA,"sediment","KI2015b","sediment","35",NA,NA,NA,NA,NA,NA,NA,NA,NA,NA,NA,NA,NA,NA,NA,NA,NA,NA,NA,NA,NA,NA,NA,NA,NA,"HighMed"
"KI15bFSYM066","KI2015b.tag437","KI15bFSYM066","437","coral","KI2015b","Montipora_foliosa","30","dead","KI2015b",30,"437","","HD","15-09-2016","42.65","38.745","892.903","n","n","n","y","y","n","NONE","y","y","y","n","NONE","a few prominent dead patches","","KI2015b","VeryHigh"
"KI15aFSYM101","KI2015a_Post.tag94","KI15aFSYM101","94","coral","KI2015a_Post","Montipora_foliosa","35","dead","KI2015a",35,"94","_Post","HD","2/8/2016","54.773","52.333","1972.417","n","n","n","y","y","y","Peysson_red","y","y","y","n","NONE","","","KI2015a_Post","HighMed"
"KI15bFSYM142","KI2015b.tag456","KI15bFSYM142","456","coral","KI2015b","Montipora_foliosa","27","UK","KI2015b",27,"456","","HD","6/5/2016","44.943","27.109","1346.826","n","n","n","y","y","n","NONE","n","y","y","y","1","a few small areas bleached","","KI2015b","VeryHigh"
"KI15aFSYM167","KI2015a_Post.tag44","KI15aFSYM167","44","coral","KI2015a_Post","Montipora_foliosa","27","gone","KI2015a",27,"44","_Post","JL","24-03-2016","20.501","15.821","226.461","n","n","n","y","y","n","NONE","n","y","n","y","1","patchy bleaching over entire coral ","","KI2015a_Post","VeryHigh"
"KI14FSYM385","KI2014.tag385","KI14FSYM385","385","coral","KI2014","Montipora_foliosa","30","dead",NA,NA,NA,NA,NA,NA,NA,NA,NA,NA,NA,NA,NA,NA,NA,NA,NA,NA,NA,NA,NA,NA,NA,NA,"VeryHigh"
"KI15bFSYM211","KI2015b.tag733","KI15bFSYM211","733","coral","KI2015b","Montipora_foliosa","27","gone","KI2015b",27,"733","","JM","25-05-2016","26.247","22.747","401.332","n","n","n","y","y","n","NONE","n","y","n","n","NONE","","","KI2015b","VeryHigh"
"KI14FSYM050","KI2014.tag50","KI14FSYM050","50","coral","KI2014","Pocillopora_eydouxi","8","UK","KI2014",8,"50","","HD","18-01-2016","21.541","14.846","277.555","n","n","n","y","y","n","NONE","y","n","y","n","NONE","","","KI2014","HighMed"
"KI15aFSYM019","KI2015a_Pre.tag15b","KI15aFSYM019","15b","coral","KI2015a_Pre","Pocillopora_eydouxi","35",NA,NA,NA,NA,NA,NA,NA,NA,NA,NA,NA,NA,NA,NA,NA,NA,NA,NA,NA,NA,NA,NA,NA,NA,NA,"HighMed"
"KI15bFSYM047","KI2015b.tag139","KI15bFSYM047","139","coral","KI2015b","Pocillopora_eydouxi","30","UK","KI2015b",30,"139","","HD","15-09-2016","22.829","20.173","332.405","n","n","n","y","y","n","NONE","y","y","y","n","NONE","","","KI2015b","VeryHigh"
"KI14FSYM126","KI2014.tag126","KI14FSYM126","126","coral","KI2014","Porites_lobata","30","UK","KI2014",30,"126","","JL","17-02-2016","18.563","16.075","227.765","n","y","n","y","y","n","NONE","y","y","n","n","NONE","","","KI2014","VeryHigh"
"KI15bFSYM058","KI2015b.tag387","KI15bFSYM058","387","coral","KI2015b","Porites_lobata","30","gone","KI2015b",30,"387","","HD","15-09-2016","51.711","42.669","1502.281","n","n","n","y","y","n","NONE","y","y","y","y","1","small spots bleached","* used approximate (width of paper 21.59 cm) to measure ","KI2015b","VeryHigh"
"KI15bFSYM045","KI2015b.tag136","KI15bFSYM045","136","coral","KI2015b","Porites_lobata","30","gone","KI2015b",30,"136","","HD","15-09-2016","32.251","29.568","696.17","n","y","n","y","y","n","NONE","n","y","y","n","NONE","","","KI2015b","VeryHigh"
"KI15aFSYM110","KI2015a_Post.tag109","KI15aFSYM110","109","coral","KI2015a_Post","Pocillopora_eydouxi","35","dead","KI2015a",35,"109","_Post","JL","22-03-2016","30.117","24.211","384.609","n","n","n","y","y","n","NONE","y","y","y","n","NONE","","","KI2015a_Post","HighMed"
"KI15bFSYM017","KI2015b.tag15","KI15bFSYM017","15","coral","KI2015b","Porites_lobata","35","alive","KI2015b",35,"15","","HD","5/8/2016","84.09","47.847","2362.569","n","n","n","y","y","n","NONE","n","y","y","n","NONE","","","KI2015b","HighMed"
"KI15bFSYM013","KI2015b.tag87","KI15bFSYM013","87","coral","KI2015b","Porites_lobata","35","UK","KI2015b",35,"87","","HD","5/8/2016","32.263","29.76","694.897","n","n","n","y","y","y","Halimeda","n","y","y","n","NONE","","","KI2015b","HighMed"
"KI15bFSYM172","KI2015b.tag76","KI15bFSYM172","76","coral","KI2015b","Montipora_foliosa","8","dead","KI2015b",8,"76","","JL","5/4/2016","24.763","20.969","272.319","n","n","n","y","y","y","Halimeda","y","y","y","n","NONE","","","KI2015b","HighMed"
"KI15bFSYM070","KI2015b.tag443","KI15bFSYM070","443","coral","KI2015b","Montipora_foliosa","30","dead","KI2015b",30,"443","","JM","2/6/2016","36.631","22.233","613.522","n","n","n","y","y","n","NONE","y","y","n","n","NONE","","","KI2015b","VeryHigh"
"KI14FSYM456","KI2014.tag456","KI14FSYM456","456","coral","KI2014","Montipora_foliosa","27","UK","KI2014",27,"456","","JL","18-03-2016","43.534","30.42","871.12","n","n","n","y","y","n","NONE","n","y","y","n","NONE ","","","KI2014","VeryHigh"
"KI15bFSYM046","KI2015b.tag137","KI15bFSYM046","137","coral","KI2015b","Montipora_foliosa","30","gone","KI2015b",30,"137","","HD","15-09-2016","29.61","23.346","529.704","n","n","n","y","y","n","NONE","y","y","y","n","NONE","","","KI2015b","VeryHigh"
"KI15aFSYM122","KI2015a_Post.tag126b","KI15aFSYM122","126b","coral","KI2015a_Post","Porites_lobata","30","UK","KI2015a",30,"126b","_Post","JL","22-03-2016","26.065","18.647","335.838","n","n","n","y","y","n","NONE","y","y","y","y","1","patchy bleaching, some severe, some around algal patches, less than 5cm ","","KI2015a_Post","VeryHigh"
"KI15bFSYM152","KI2015b.tag90_690","KI15bFSYM152","90_690","coral","KI2015b","Montipora_foliosa","35","dead","KI2015b",35,"90_690","","JM","1/6/2016","39.769","29.271","935.039","n","n","n","y","y","y","Halimeda","y","y","n","n","NONE","","","KI2015b","HighMed"
"KI15bFSYM137","KI2015b.tag477","KI15bFSYM137","477","coral","KI2015b","Pocillopora_eydouxi","27","dead","KI2015b",27,"477","","HD","6/5/2016","15.121","13.948","170.375","n","n","n","y","y","n","NONE","y","y","y","y","1","a few branches bleached, some monticules starting to bleach","","KI2015b","VeryHigh"
"KI15aFSYM159","KI2015a_Post.tag456","KI15aFSYM159","456","coral","KI2015a_Post","Montipora_foliosa","27","UK","KI2015a",27,"456","_Post","JL","23-03-2016","37.047","24.154","564.254","n","n","n","y","y","n","NONE","n","y","y","n","NONE","","","KI2015a_Post","VeryHigh"
"KI15aFSYM003","KI2015a_Pre.tag3","KI15aFSYM003","3","coral","KI2015a_Pre","Pocillopora_eydouxi","35","UK","KI2015a",35,"3","_Pre","NO","23-03-2017","45.296","37.403","1150.225","n","n","n","y","n","y","Peysson_red","y","y","n","n","NONE","","","KI2015a_Pre","HighMed"
"KI15bFSYM025","KI2015b.tag98","KI15bFSYM025","98","coral","KI2015b","Montipora_foliosa","35","dead","KI2015b",35,"98","","HD","5/8/2016","39.401","36.231","730.424","n","n","n","y","y","n","NONE","y","y","y","n","NONE","","","KI2015b","HighMed"
"KI15aFSYM152","KI2015a_Post.tag469","KI15aFSYM152","469","coral","KI2015a_Post","Pocillopora_eydouxi","27","UK","KI2015a",27,"469","_Post","NO","23-03-2017","35.265","20.72","262.978","n","n","n","y","y","n","NONE","n","y","n","n","NONE","","","KI2015a_Post","VeryHigh"
"KI14FSYM474","KI2014.tag474","KI14FSYM474","474","coral","KI2014","Porites_lobata","27","gone","KI2014",27,"474","","JL","18-03-2016","8.617","7.489","49.085","n","n","n","y","y","y","Halimeda","y","y","n","n","NONE","","","KI2014","VeryHigh"
"KI15aFSYM021","KI2015a_Pre.tag92_860","KI15aFSYM021","92_860","coral","KI2015a_Pre","Pocillopora_eydouxi","35","gone","KI2015a",35,"92_860","_Pre","HD","2/8/2016","20.314","14.151","180.264","n","n","n","y","y","n","NONE","n","y","y","n","NONE","","","KI2015a_Pre","HighMed"
"KI15aFSYM086","KI2015a_Post.tag632","KI15aFSYM086","632","coral","KI2015a_Post","Pocillopora_eydouxi","35","dead","KI2015a",35,"632","_Post","JL","24-03-2016","26.519","21.898","359.183","n","n","n","y ","y","n","NONE","n","y","y","n","NONE ","","","KI2015a_Post","HighMed"
"KI15aFSYM118","KI2015a_Post.tag69_875","KI15aFSYM118","69_875","coral","KI2015a_Post","Montipora_foliosa","8","UK","KI2015a",8,"69_875","_Post","HD","23-03-2016","39.844","34.718","894.239","n","n","n","y","y","y","Halimeda, Peysson_red","y","y","y","n","NONE","","","KI2015a_Post","HighMed"
"KI15bFSYM161","KI2015b.tag124_694","KI15bFSYM161","124_694","coral","KI2015b","Porites_lobata","35","UK",NA,NA,NA,NA,NA,NA,NA,NA,NA,NA,NA,NA,NA,NA,NA,NA,NA,NA,NA,NA,NA,NA,NA,NA,"HighMed"
"KI15bFSYM024","KI2015b.tag97","KI15bFSYM024","97","coral","KI2015b","Porites_lobata","35","UK","KI2015b",35,"97","","HD","5/8/2016","74.865","73.195","2981.092","n","n","n","y","y","y","Halimeda","n","y","y","n","NONE","","","KI2015b","HighMed"
"KI15bFSYM001","KI2015b.tag1","KI15bFSYM001","1","coral","KI2015b","Porites_lobata","35","alive","KI2015b",35,"1","","HD","5/8/2016","74.118","55.383","3145.42","n","n","n","y","y","n","NONE","y","y","y","n","NONE","","","KI2015b","HighMed"
"KI15bFSYM060","KI2015b.tag427","KI15bFSYM060","427","coral","KI2015b","Pocillopora_eydouxi","30","dead","KI2015b",30,"427","","HD","15-09-2016","34.781","28.738","583.416","n","n","n","n","n","n","NONE","y","n","y","n","NONE","","","KI2015b","VeryHigh"
"KI15aFSYM162","KI2015a_Post.tag265","KI15aFSYM162","265","coral","KI2015a_Post","Montipora_foliosa","27","UK","KI2015a",27,"265","_Post","JL","24-03-2016","18.289","11.491","132.942","n","n","n","y","y","n","NONE","n","y","n","y","1","9 cm scale was used. A few bleached spots near one edge of coral ","","KI2015a_Post","VeryHigh"
"KI15bFSYM130","KI2015b.tag147","KI15bFSYM130","147","coral","KI2015b","Montipora_foliosa","30","UK",NA,NA,NA,NA,NA,NA,NA,NA,NA,NA,NA,NA,NA,NA,NA,NA,NA,NA,NA,NA,NA,NA,NA,NA,"VeryHigh"
"KI15aFSYM022","KI2015a_Pre.tag94","KI15aFSYM022","94","coral","KI2015a_Pre","Montipora_foliosa","35","dead","KI2015a",35,"94","_Pre","JL","22-03-2016","48.827","37.21","1130.535","n","n","n","y","y","n","NONE","y","y","y","n","NONE","","","KI2015a_Pre","HighMed"
"KI14FSYM453","KI2014.tag453","KI14FSYM453","453","coral","KI2014","Porites_lobata","27","UK","KI2014",27,"453","","DL","26-01-2016","10.203","7.9","69.579","n","n","n","y","y","n","NONE","y","y","n","n","NONE","","","KI2014","VeryHigh"
"KI15bFSYM043","KI2015b.tag134","KI15bFSYM043","134","coral","KI2015b","Montipora_foliosa","30","gone","KI2015b",30,"134","","HD","15-09-2016","36.201","29.475","607.453","n","n","n","y","y","n","NONE","y","y","y","n","NONE","","","KI2015b","VeryHigh"
"KI15aFSYM126","KI2015a_Post.tag131","KI15aFSYM126","131","coral","KI2015a_Post","Porites_lobata","30","UK",NA,NA,NA,NA,NA,NA,NA,NA,NA,NA,NA,NA,NA,NA,NA,NA,NA,NA,NA,NA,NA,NA,NA,NA,"VeryHigh"
"KI15aFSYM138","KI2015a_Post.tag143","KI15aFSYM138","143","coral","KI2015a_Post","Montipora_foliosa","30","dead","KI2015a",30,"143","_Post","JL","24-03-2016","32.81","21.823","373.527","n","n","n","y","y","n","NONE","y","y","n","n","NONE","","","KI2015a_Post","VeryHigh"
"KI14FSYM001","KI2014.tag1","KI14FSYM001","1","coral","KI2014","Porites_lobata","35","alive","KI2014",35,"1","","JL","15-01-2016","65.888","51.316","2440.109","n","n","n","y","y","y","Halimeda, Caulerpa, Peysson_red, Peysson_yellow","y","y","y","n","NONE","","","KI2014","HighMed"
"KI14FSYM003","KI2014.tag3","KI14FSYM003","3","coral","KI2014","Pocillopora_eydouxi","35","UK","KI2014",35,"3","","JL","15-01-2016","18.722","19.177","206.094","n","n","n","y","y","n","NONE","y","y","n","n","NONE","","","KI2014","HighMed"
"KI15aFSYM001","KI2015a_Pre.tag1","KI15aFSYM001","1","coral","KI2015a_Pre","Porites_lobata","35","alive","KI2015a",35,"1","_Pre","HD","16-09-2016","44.505","42.76","1316.802","n","n","n","y","y","y","Peysson_red","y","y","y","y","1","one area beginning to bleach","","KI2015a_Pre","HighMed"
"KI15aFSYM082","KI2015a_Post.tag1","KI15aFSYM082","1","coral","KI2015a_Post","Porites_lobata","35","alive","KI2015a",35,"1","_Post","JL","22-03-2016","69.304","52.45","2594.839","n","n","n","y","y","y","Halimeda, Peysson_red, Peysson_yellow","y","y","y","n","NONE","","","KI2015a_Post","HighMed"
"KI14FSYM469","KI2014.tag469","KI14FSYM469","469","coral","KI2014","Pocillopora_eydouxi","27","UK","KI2014",27,"469","","HD","2/8/2016","25.625","22.912","369.466","n","n","n","y","y","n","NONE","n","y","y","n","NONE","","","KI2014","VeryHigh"
"KI15bFSYM003","KI2015b.tag3","KI15bFSYM003","3","coral","KI2015b","Pocillopora_eydouxi","35","UK","KI2015b",35,"3","","HD","5/8/2016","33.839","21.41","481.73","n","n","n","y","y","n","NONE","y","y","y","n","NONE","","","KI2015b","HighMed"
"KI14FSYM002","KI2014.tag2_572","KI14FSYM002","2_572","coral","KI2014","Montipora_foliosa","35","gone",NA,NA,NA,NA,NA,NA,NA,NA,NA,NA,NA,NA,NA,NA,NA,NA,NA,NA,NA,NA,NA,NA,NA,NA,"HighMed"
"KI14FSYM005","KI2014.tag5","KI14FSYM005","5","coral","KI2014","Porites_lobata","35","alive","KI2014",35,"5","","JL","20-01-2016","78.786","48.412","2069.623","n","n","n","y","y","y","Caulerpa, Peysson_red","y","y","y","n","NONE","one large area is paling","","KI2014","HighMed"
"KI14FSYM009","KI2014.tag9","KI14FSYM009","9","coral","KI2014","Pocillopora_eydouxi","35","UK","KI2014",35,"9","","DL","15-02-2016","28.633","25.194","506.297","n","n","n","y","y","n","NONE","y","n","y","n","NONE","","","KI2014","HighMed"
"KI14FSYM012","KI2014.tag12_635","KI14FSYM012","12_635","coral","KI2014","Porites_lobata","35","gone","KI2014",35,"12_635","","DL","15-02-2016","66.177","36.368","1386.16","n","n","n","y","y","y","Halimeda, Peysson_red, Peysson_yellow","y","y","y","n","NONE","","","KI2014","HighMed"
"KI14FSYM013","KI2014.tag13","KI14FSYM013","13","coral","KI2014","Pocillopora_eydouxi","35","dead","KI2014",35,"13","","DL","15-02-2016","25.534","17.912","285.421","n","n","n","y","y","y","Halimeda, Caulerpa, Peysson_red","y","y","y","y","1","one tip is bleaching,bottom center","","KI2014","HighMed"
"KI14FSYM015","KI2014.tag15","KI14FSYM015","15","coral","KI2014","Porites_lobata","35","alive","KI2014",35,"15","","DL","17-02-2016","68.654","40.75","1569.833","n","y","n","y","y","y","Halimeda, Peysson_red","y","y","y","n","NONE","","","KI2014","HighMed"
"KI14FSYM041","KI2014.tag41","KI14FSYM041","41","coral","KI2014","Montipora_foliosa","27","UK","KI2014",27,"41","","DL","3/3/2016","19.818","18.488","261.996","n","n","n","y","y","n","NONE","n","y","n","n","NONE","","","KI2014","VeryHigh"
"KI14FSYM043","KI2014.tag43","KI14FSYM043","43","coral","KI2014","Pocillopora_eydouxi","27","UK","KI2014",27,"43","","HD","5/8/2016","17.425","13.809","166.712","n","n","n","n","n","n","NONE","n","y","n","n","NONE","","","KI2014","VeryHigh"
"KI14FSYM044","KI2014.tag44","KI14FSYM044","44","coral","KI2014","Montipora_foliosa","27","gone","KI2014",27,"44","","HD","5/8/2016","18.727","13.137","188.045","n","n","n","y","y","n","NONE","n","y","n","n","NONE","","","KI2014","VeryHigh"
"KI14FSYM060","KI2014.tag60","KI14FSYM060","60","coral","KI2014","Montipora_foliosa","8","dead","KI2014",8,"60","","JL","1/2/2016","36.883","30.614","794.565","n","n","n","y","y","n","NONE","y","y","n","y","1","","","KI2014","HighMed"
"KI14FSYM069","KI2014.tag69_875","KI14FSYM069","69_875","coral","KI2014","Montipora_foliosa","8","UK","KI2014",8,"69_875","","HD","22-02-2016","43.129","43.104","1059.704","n","n","n","y","n","y","Halimeda","n","y","y","n","NONE","","","KI2014","HighMed"
"KI14FSYM084","KI2014.tag84","KI14FSYM084","84","coral","KI2014","Pocillopora_eydouxi","8","dead","KI2014",8,"84","","HD","11/3/2016","19.043","13.773","159.043","n","n","n","y","n","y","Halimeda","n","n","y","y","1","some bleaching on bottom branches","","KI2014","HighMed"
"KI14FSYM088","KI2014.tag88","KI14FSYM088","88","coral","KI2014","Pocillopora_eydouxi","35","dead","KI2014",35,"88","","DL","17-02-2016","17.242","17.631","155.444","n","n","n","y","y","n","NONE","y","y","n","n","NONE","","","KI2014","HighMed"
"KI14FSYM090","KI2014.tag90_690","KI14FSYM090","90_690","coral","KI2014","Montipora_foliosa","35","dead","KI2014",35,"90_690","","DL","17-02-2016","22.938","21.694","335.864","n","n","n","y","y","y","Halimeda, Peysson_red","n","y","y","n","NONE","","","KI2014","HighMed"
"KI14FSYM092","KI2014.tag92_860","KI14FSYM092","92_860","coral","KI2014","Pocillopora_eydouxi","35","gone","KI2014",35,"92_860","","DL","17-02-2016","24.036","20.525","270.756","n","n","n","y","y","n","NONE","y","y","y","n","NONE","","","KI2014","HighMed"
"KI14FSYM094","KI2014.tag94","KI14FSYM094","94","coral","KI2014","Montipora_foliosa","35","dead","KI2014",35,"94","","DL","17-02-2016","63.994","52.613","2407.873","n","n","n","y","y","y","Halimeda","y","y","y","n","NONE","","","KI2014","HighMed"
"KI14FSYM097","KI2014.tag97","KI14FSYM097","97","coral","KI2014","Porites_lobata","35","UK","KI2014",35,"97","","JL","18-02-2016","76.844","72.547","3587.871","n","n","n","y","y","y","Halimeda, Peysson_red","y","y","y","n","NONE","","","KI2014","HighMed"
"KI14FSYM098","KI2014.tag98","KI14FSYM098","98","coral","KI2014","Montipora_foliosa","35","dead","KI2014",35,"98","","JL","18-02-2016","77.938","37.33","2438.995","n","n","n","y","y","y","Halimeda","y","y","y","y","1","a few small spots, bleaching along some edges ","","KI2014","HighMed"
"KI14FSYM102","KI2014.tag102","KI14FSYM102","102","coral","KI2014","Montipora_foliosa","35","dead","KI2014",35,"102","","JL","9/3/2016","56.141","40.436","1785.277","n","n","n","y","y","y","Halimeda, Peysson_red","y","y","y","n","NONE","","","KI2014","HighMed"
"KI14FSYM106","KI2014.tag106","KI14FSYM106","106","coral","KI2014","Pocillopora_eydouxi","35","dead","KI2014",35,"106","","JL","9/3/2016","NONE","NONE","NONE","n","n","n","y","y","y","Halimeda, Peysson_yellow","y","n","y","n","NONE","tag was too close to camera for accurate measurments","","KI2014","HighMed"
"KI14FSYM107","KI2014.tag107","KI14FSYM107","107","coral","KI2014","Porites_lobata","35","UK","KI2014",35,"107","","JL","9/3/2016","47.307","48.986","1406.958","n","n","n","y","y","y","Halimeda, Peysson_red, Peysson_yellow","y","y","y","n","NONE","","","KI2014","HighMed"
"KI14FSYM109","KI2014.tag109","KI14FSYM109","109","coral","KI2014","Pocillopora_eydouxi","35","dead","KI2014",35,"109","","DL","10/3/2016","37.712","28.795","592.002","n","n","n","y","y","n","NONE","y","n","y","n","NONE","","","KI2014","HighMed"
"KI14FSYM129","KI2014.tag129","KI14FSYM129","129","coral","KI2014","Pocillopora_eydouxi","30","alive","KI2014",30,"129","","DL","18-02-2016","22.449","11.181","173.273","n","n","n","y","y","n","NONE","y","y","n","n","NONE","","","KI2014","VeryHigh"
"KI14FSYM132","KI2014.tag132","KI14FSYM132","132","coral","KI2014","Pocillopora_eydouxi","30","dead","KI2014",30,"132","","JL","17-02-2016","34.012","31.199","709.957","n","n","n","y","y","n","NONE","n","y","y","n","NONE","","","KI2014","VeryHigh"
"KI14FSYM133","KI2014.tag133","KI14FSYM133","133","coral","KI2014","Montipora_foliosa","30","gone","KI2014",30,"133","","JL","17-02-2016","33.525","28.721","585.619","n","n","n","y","y","n","NONE","y","y","y","n","NONE","","","KI2014","VeryHigh"
"KI14FSYM134","KI2014.tag134","KI14FSYM134","134","coral","KI2014","Montipora_foliosa","30","gone","KI2014",30,"134","","JL","17-02-2016","40.912","34.619","749.128","n","n","n","y","y","n","NONE","y","y","y","y","1","bleaching along some edges, a few small bleached spots","","KI2014","VeryHigh"
"KI14FSYM137","KI2014.tag137","KI14FSYM137","137","coral","KI2014","Montipora_foliosa","30","gone","KI2014",30,"137","","JL","17-02-2016","37.285","30.399","766.474","n","n","n","y","y","n","NONE","y","y","n","n","NONE","","","KI2014","VeryHigh"
"KI14FSYM140","KI2014.tag140","KI14FSYM140","140","coral","KI2014","Porites_lobata","30","UK","KI2014",30,"140","","DL","4/2/2016","26.828","23.721","470.791","n","y","n","y","y","n","NONE","y","y","y","n","NONE","","","KI2014","VeryHigh"
"KI14FSYM142","KI2014.tag142","KI14FSYM142","142","coral","KI2014","Pocillopora_eydouxi","30","UK","KI2014",30,"142","","DL","4/2/2016","15.916","14.409","134.162","n","n","n","y","y","n","NONE","y","y","n","n","NONE","","","KI2014","VeryHigh"
"KI14FSYM143","KI2014.tag143","KI14FSYM143","143","coral","KI2014","Montipora_foliosa","30","dead","KI2014",30,"143","","DL","4/2/2016","36.764","26.742","470.489","n","n","n","y","y","n","NONE","y","y","n","n","NONE","","","KI2014","VeryHigh"
"KI14FSYM144","KI2014.tag144","KI14FSYM144","144","coral","KI2014","Porites_lobata","30","gone","KI2014",30,"144","","DL","4/2/2016","31.636","25.632","576.929","n","n","n","y","y","n","NONE","y","y","y","n","NONE","","","KI2014","VeryHigh"
"KI14FSYM147","KI2014.tag147","KI14FSYM147","147","coral","KI2014","Montipora_foliosa","30","UK","KI2014",30,"147","","DL","4/2/2016","48.029","37.245","979.347","n","n","n","y","y","n","NONE","y","y","y","n","NONE","","","KI2014","VeryHigh"
"KI14FSYM151","KI2014.tag151","KI14FSYM151","151","coral","KI2014","Porites_lobata","30","alive","KI2014",30,"151","","DL","18-02-2016","29.324","25.175","500.226","n","n","n","y","y","n","NONE","n","y","y","y","1","A few small bleached areas ","","KI2014","VeryHigh"
"KI14FSYM265","KI2014.tag265","KI14FSYM265","265","coral","KI2014","Montipora_foliosa","27","UK","KI2014",27,"265","","HD","18-03-2016","22.698","20.212","265.667","n","n","n","y","y","n","NONE","n","y","y","n","NONE","","","KI2014","VeryHigh"
"KI14FSYM387","KI2014.tag387","KI14FSYM387","387","coral","KI2014","Porites_lobata","30","gone",NA,NA,NA,NA,NA,NA,NA,NA,NA,NA,NA,NA,NA,NA,NA,NA,NA,NA,NA,NA,NA,NA,NA,NA,"VeryHigh"
"KI14FSYM448","KI2014.tag448","KI14FSYM448","448","coral","KI2014","Montipora_foliosa","27","UK","KI2014",27,"448","","JL","26-01-2016","29.922","23.63","536.824","n","n","n","y","y","n","NONE","n","y","n","n","NONE","","","KI2014","VeryHigh"
"KI14FSYM468","KI2014.tag468","KI14FSYM468","468","coral","KI2014","Pocillopora_eydouxi","27","UK","KI2014",27,"468","","JL","19-02-2016","21.427","13.976","218.977","n","n","n","y","y","n","NONE","y","y","n","n","NONE","","","KI2014","VeryHigh"
"KI14FSYM476","KI2014.tag476","KI14FSYM476","476","coral","KI2014","Porites_lobata","27","gone","KI2014",27,"476","","JL","19-02-2016","16.915","14","160.11","n","y","n","y","y","n","NONE","y","y","n","y","1","a few samll bleached spots, some around algal patch ","","KI2014","VeryHigh"
"KI15aFSYM004","KI2015a_Pre.tag5b","KI15aFSYM004","5b","coral","KI2015a_Pre","Pocillopora_eydouxi","35",NA,NA,NA,NA,NA,NA,NA,NA,NA,NA,NA,NA,NA,NA,NA,NA,NA,NA,NA,NA,NA,NA,NA,NA,NA,"HighMed"
"KI15aFSYM005","KI2015a_Pre.tag2_572","KI15aFSYM005","2_572","coral","KI2015a_Pre","Montipora_foliosa","35","gone","KI2015a",35,"2_572","_Pre","HD","16-09-2016","NONE","NONE","NONE","n","n","n","y","y","n","NONE","n","y","y","n","NONE","","","KI2015a_Pre","HighMed"
"KI15aFSYM006","KI2015a_Pre.tag6b","KI15aFSYM006","6b","coral","KI2015a_Pre","Porites_lobata","35",NA,NA,NA,NA,NA,NA,NA,NA,NA,NA,NA,NA,NA,NA,NA,NA,NA,NA,NA,NA,NA,NA,NA,NA,NA,"HighMed"
"KI15aFSYM007","KI2015a_Pre.tag7","KI15aFSYM007","7","coral","KI2015a_Pre","Montipora_foliosa","35","UK",NA,NA,NA,NA,NA,NA,NA,NA,NA,NA,NA,NA,NA,NA,NA,NA,NA,NA,NA,NA,NA,NA,NA,NA,"HighMed"
"KI15aFSYM008","KI2015a_Pre.tag87","KI15aFSYM008","87","coral","KI2015a_Pre","Porites_lobata","35","UK",NA,NA,NA,NA,NA,NA,NA,NA,NA,NA,NA,NA,NA,NA,NA,NA,NA,NA,NA,NA,NA,NA,NA,NA,"HighMed"
"KI15aFSYM009","KI2015a_Pre.tag14","KI15aFSYM009","14","coral","KI2015a_Pre","Montipora_foliosa","35",NA,"KI2015a",35,"14","_Pre","HD","15-09-2016","31.966","27.363","567.112","n","n","n","y","y","y","Halimeda","n","y","y","n","NONE","","","KI2015a_Pre","HighMed"
"KI15aFSYM011","KI2015a_Pre.tag10b","KI15aFSYM011","10b","coral","KI2015a_Pre","Porites_lobata","35",NA,"KI2015a",35,"10b","_Pre","HD","16-09-2016","50.169","36.537","907.134","n","n","n","y","y","y","Halimeda","y","y","y","n","NONE","","","KI2015a_Pre","HighMed"
"KI15aFSYM013","KI2015a_Pre.tag574","KI15aFSYM013","574","coral","KI2015a_Pre","Montipora_foliosa","35","gone","KI2015a",35,"574","_Pre","JL","22-03-2016","33.495","15.426","332.238","n","n","n","y","y","n","NONE","y","y","y","n","NONE","","","KI2015a_Pre","HighMed"
"KI15aFSYM083","KI2015a_Post.tag2_572","KI15aFSYM083","2_572","coral","KI2015a_Post","Montipora_foliosa","35","gone","KI2015a",35,"2_572","_Post","HD","16-09-2016","65.674","61.242","2438.946","n","n","n","y","y","n","NONE","y","y","y","n","NONE","","","KI2015a_Post","HighMed"
"KI15aFSYM084","KI2015a_Post.tag3","KI15aFSYM084","3","coral","KI2015a_Post","Pocillopora_eydouxi","35","UK","KI2015a",35,"3","_Post","JL","22-03-2016","22.279","13.035","211.213","n","n","n","y","y","n","NONE","y","y","n","n","NONE ","","","KI2015a_Post","HighMed"
"KI15aFSYM089","KI2015a_Post.tag13","KI15aFSYM089","13","coral","KI2015a_Post","Pocillopora_eydouxi","35","dead","KI2015a",35,"13","_Post","HD","2/8/2016","27.906","23.932","404.714","n","n","n","y","y","n","NONE","y","y","y","n","NONE","some branches broken off at the top","","KI2015a_Post","HighMed"
"KI15aFSYM090","KI2015a_Post.tag634","KI15aFSYM090","634","coral","KI2015a_Post","Montipora_foliosa","35","dead","KI2015a",35,"634","_Post","JL","24-03-2016","34.031","21.103","378.844","n","n","n","y","y","n","NONE","y","y","y","n","NONE","","","KI2015a_Post","HighMed"
"KI15aFSYM091","KI2015a_Post.tag12_635","KI15aFSYM091","12_635","coral","KI2015a_Post","Porites_lobata","35","gone",NA,NA,NA,NA,NA,NA,NA,NA,NA,NA,NA,NA,NA,NA,NA,NA,NA,NA,NA,NA,NA,NA,NA,NA,"HighMed"
"KI15aFSYM095","KI2015a_Post.tag88","KI15aFSYM095","88","coral","KI2015a_Post","Pocillopora_eydouxi","35","dead","KI2015a",35,"88","_Post","JL","22-03-2016","33.144","32.892","457.391","n","n","n","y","y","n","NONE","y","y","n","y","1","two branch tips are bleaching <5cm","","KI2015a_Post","HighMed"
"KI15aFSYM099","KI2015a_Post.tag92_860","KI15aFSYM099","92_860","coral","KI2015a_Post","Pocillopora_eydouxi","35","gone","KI2015a",35,"92_860","_Post","JL","22-03-2016","18.27","15.014","153.462","n","n","n","y","y","n","NONE","y","y","y","n","NONE","","","KI2015a_Post","HighMed"
"KI15aFSYM100","KI2015a_Post.tag97","KI15aFSYM100","97","coral","KI2015a_Post","Porites_lobata","35","UK","KI2015a",35,"97","_Post","JL","22-03-2016","82.259","63.429","3496.349","n","n","n","y","y","n","NONE","y","y","y","y","1","several severe patches <5cm, some around algal patches","","KI2015a_Post","HighMed"
"KI15aFSYM102","KI2015a_Post.tag98","KI15aFSYM102","98","coral","KI2015a_Post","Montipora_foliosa","35","dead","KI2015a",35,"98","_Post","JL","22-03-2016","50.459","30.516","1095.032","n","n","n","y","y","n","NONE","y","y","y","n","NONE","","","KI2015a_Post","HighMed"
"KI15aFSYM106","KI2015a_Post.tag102","KI15aFSYM106","102","coral","KI2015a_Post","Montipora_foliosa","35","dead","KI2015a",35,"102","_Post","JL","23-03-2016","43.859","24.134","644.218","n","n","n","y","y","y","Halimeda","y","y","y","n","NONE","","","KI2015a_Post","HighMed"
"KI15aFSYM108","KI2015a_Post.tag105","KI15aFSYM108","105","coral","KI2015a_Post","Montipora_foliosa","35","dead","KI2015a",35,"105","_Post","HD","23-03-2016","57.009","51.898","1761.118","n","n","n","y","y","y","Halimeda","y","y","y","n","NONE","","","KI2015a_Post","HighMed"
"KI15aFSYM109","KI2015a_Post.tag107","KI15aFSYM109","107","coral","KI2015a_Post","Porites_lobata","35","UK","KI2015a",35,"107","_Post","HD","23-03-2016","56.463","44.309","1664.157","n","y","n","y","y","n","NONE","y","y","y","y","1","a few small spots","","KI2015a_Post","HighMed"
"KI15aFSYM111","KI2015a_Post.tag50","KI15aFSYM111","50","coral","KI2015a_Post","Pocillopora_eydouxi","8","UK","KI2015a",8,"50","_Post","HD","23-03-2016","31.527","18.123","412.869","n","n","n","y","y","n","NONE","y","y","y","n","NONE","majority of branches broken off","","KI2015a_Post","HighMed"
"KI15aFSYM114","KI2015a_Post.tag60","KI15aFSYM114","60","coral","KI2015a_Post","Montipora_foliosa","8","dead","KI2015a",8,"60","_Post","JL","23-03-2016","28.859","24.893","511.233","n","n","n","y","y","n","NONE","y","y","y","n","NONE ","","","KI2015a_Post","HighMed"
"KI15aFSYM117","KI2015a_Post.tag63","KI15aFSYM117","63","coral","KI2015a_Post","Porites_lobata","8","alive","KI2015a",8,"63","_Post","HD","23-03-2016","84.526","57.112","2904.72","n","n","y","y","y","n","NONE","n","y","y","n","NONE","","","KI2015a_Post","HighMed"
"KI15aFSYM120","KI2015a_Post.tag76","KI15aFSYM120","76","coral","KI2015a_Post","Montipora_foliosa","8","dead","KI2015a",8,"76","_Post","HD","23-03-2016","26.688","22.167","328.068","n","n","n","y","y","y","Halimeda","y","y","y","y","1","a few small spots","","KI2015a_Post","HighMed"
"KI15aFSYM121","KI2015a_Post.tag84","KI15aFSYM121","84","coral","KI2015a_Post","Pocillopora_eydouxi","8","dead","KI2015a",8,"84","_Post","JL","23-03-2016","30.081","21.815","283.738","n","n","n","y","y","y","Halimeda","n","y","y","n","NONE ","","","KI2015a_Post","HighMed"
"KI15aFSYM127","KI2015a_Post.tag129","KI15aFSYM127","129","coral","KI2015a_Post","Pocillopora_eydouxi","30","alive","KI2015a",30,"129","_Post","JL","22-03-2016","28.828","19.128","364.024","n","n","n","y","y","n","NONE","y","y","n","n","NONE","","","KI2015a_Post","VeryHigh"
"KI15aFSYM128","KI2015a_Post.tag132","KI15aFSYM128","132","coral","KI2015a_Post","Pocillopora_eydouxi","30","dead","KI2015a",30,"132","_Post","JL","24-03-2016","42.592","37.62","1064.351","n","n","n","y","y","n","NONE","y","y","n","n","NONE","","","KI2015a_Post","VeryHigh"
"KI15aFSYM130","KI2015a_Post.tag134","KI15aFSYM130","134","coral","KI2015a_Post","Montipora_foliosa","30","gone","KI2015a",30,"134","_Post","JL","4/4/2016","33.539","35.181","741.294","n","n","n","y","y","n","NONE","y","y","y","n","NONE","","","KI2015a_Post","VeryHigh"
"KI15aFSYM133","KI2015a_Post.tag137","KI15aFSYM133","137","coral","KI2015a_Post","Montipora_foliosa","30","gone","KI2015a",30,"137","_Post","JL","22-03-2016","46.521","34.787","1155.288","n","n","n","y","y","n","NONE","y","y","n","n","NONE","","","KI2015a_Post","VeryHigh"
"KI15aFSYM135","KI2015a_Post.tag140","KI15aFSYM135","140","coral","KI2015a_Post","Porites_lobata","30","UK","KI2015a",30,"140","_Post","DL","23-03-2016","21.201","19.596","351.507","n","n","n","y","y","n","NONE","y","y","n","y","1","a few bleached areas ","","KI2015a_Post","VeryHigh"
"KI15aFSYM140","KI2015a_Post.tag149","KI15aFSYM140","149","coral","KI2015a_Post","Pocillopora_eydouxi","30","dead","KI2015a",30,"149","_Post","JL","4/4/2016","34.117","30.304","691.767","n","n","n","y","y","n","NONE","n","y","y","n","NONE","5cm scale was used ","","KI2015a_Post","VeryHigh"
"KI15aFSYM143","KI2015a_Post.tag151","KI15aFSYM143","151","coral","KI2015a_Post","Porites_lobata","30","alive","KI2015a",30,"151","_Post","JL","23-03-2016","35.842","32.542","822.735","n","n","n","y","y","n","NONE","y","y","n","n","NONE","","","KI2015a_Post","VeryHigh"
"KI15aFSYM144","KI2015a_Post.tag385","KI15aFSYM144","385","coral","KI2015a_Post","Montipora_foliosa","30","dead","KI2015a",30,"385","_Post","JL","22-03-2016","29.712","18.03","409.416","n","n","n","y","y","n","NONE","y","n","n","n ","NONE","","","KI2015a_Post","VeryHigh"
"KI15aFSYM147","KI2015a_Post.tag474","KI15aFSYM147","474","coral","KI2015a_Post","Porites_lobata","27","gone","KI2015a",27,"474","_Post","JL","22-03-2016","9.971","8.892","67.79","n","n","n","y","y","n","NONE","y","y","n","n","NONE","","","KI2015a_Post","VeryHigh"
"KI15aFSYM148","KI2015a_Post.tag476","KI15aFSYM148","476","coral","KI2015a_Post","Porites_lobata","27","gone","KI2015a",27,"476","_Post","JL","22-03-2016","15.235","11.389","124.952","n","n","n","y","y","n","NONE","y","y","n","y","1","many small bleached patches starting to bleach but not severely bleached ","","KI2015a_Post","VeryHigh"
"KI15aFSYM149","KI2015a_Post.tag477","KI15aFSYM149","477","coral","KI2015a_Post","Pocillopora_eydouxi","27","dead","KI2015a",27,"477","_Post","JL","22-03-2016","18.59","17.682","229.107","n","n","n","y","y","n","NONE","y","y","n","n","NONE","","","KI2015a_Post","VeryHigh"
"KI15aFSYM155","KI2015a_Post.tag467","KI15aFSYM155","467","coral","KI2015a_Post","Porites_lobata","27","UK","KI2015a",27,"467","_Post","JL","22-03-2016","10.097","8.672","64.806","n","n","n","y","y","n","NONE","y","y","n","n","NONE","","","KI2015a_Post","VeryHigh"
"KI15aFSYM157","KI2015a_Post.tag448","KI15aFSYM157","448","coral","KI2015a_Post","Montipora_foliosa","27","UK","KI2015a",27,"448","_Post","HD","2/8/2016","23.728","12.569","217.451","n","n","n","y","y","n","NONE","n","y","y","n","NONE","","","KI2015a_Post","VeryHigh"
"KI15aFSYM158","KI2015a_Post.tag451_871","KI15aFSYM158","451_871","coral","KI2015a_Post","Porites_lobata","27","alive",NA,NA,NA,NA,NA,NA,NA,NA,NA,NA,NA,NA,NA,NA,NA,NA,NA,NA,NA,NA,NA,NA,NA,NA,"VeryHigh"
"KI15aFSYM161","KI2015a_Post.tag453","KI15aFSYM161","453","coral","KI2015a_Post","Porites_lobata","27","UK","KI2015a",27,"453","_Post","JL","24-03-2016","21.621","14.116","141.242","n","n","n","y","y","n","NONE","n","y","y","n","NONE","","","KI2015a_Post","VeryHigh"
"KI15aFSYM165","KI2015a_Post.tag41","KI15aFSYM165","41","coral","KI2015a_Post","Montipora_foliosa","27","UK","KI2015a",27,"41","_Post","JL","24-03-2016","22.857","15.765","242.134","n","n","n","y","y","n","NONE","n","y","n","n","NONE ","","","KI2015a_Post","VeryHigh"
"KI15bFSYM004","KI2015b.tag2_572","KI15bFSYM004","2_572","coral","KI2015b","Montipora_foliosa","35","gone",NA,NA,NA,NA,NA,NA,NA,NA,NA,NA,NA,NA,NA,NA,NA,NA,NA,NA,NA,NA,NA,NA,NA,NA,"HighMed"
"KI15bFSYM005","KI2015b.tag5","KI15bFSYM005","5","coral","KI2015b","Porites_lobata","35","alive","KI2015b",35,"5","","HD","5/8/2016","52.689","40.139","1460.961","n","n","n","y","y","y","Caulerpa","n","y","y","n","NONE","","","KI2015b","HighMed"
"KI15bFSYM009","KI2015b.tag634","KI15bFSYM009","634","coral","KI2015b","Montipora_foliosa","35","dead","KI2015b",35,"634","","HD","5/8/2016","23.024","16.4","299.536","n","n","n","y","y","y","Halimeda","n","y","y","y","1","a few small patches","","KI2015b","HighMed"
"KI15bFSYM010","KI2015b.tag12_635","KI15bFSYM010","12_635","coral","KI2015b","Porites_lobata","35","gone",NA,NA,NA,NA,NA,NA,NA,NA,NA,NA,NA,NA,NA,NA,NA,NA,NA,NA,NA,NA,NA,NA,NA,NA,"HighMed"
"KI15bFSYM012","KI2015b.tag574","KI15bFSYM012","574","coral","KI2015b","Montipora_foliosa","35","gone","KI2015b",35,"574","","HD","5/8/2016","22.333","11.727","193.202","n","n","n","y","y","n","NONE","n","y","y","n","NONE","","","KI2015b","HighMed"
"KI15bFSYM014","KI2015b.tag13","KI15bFSYM014","13","coral","KI2015b","Pocillopora_eydouxi","35","dead","KI2015b",35,"13","","HD","5/8/2016","33.393","19.473","245.35","n","n","n","y","y","n","NONE","y","y","y","y","2","some branches fully bleached","","KI2015b","HighMed"
"KI15bFSYM016","KI2015b.tag636","KI15bFSYM016","636","coral","KI2015b","Pocillopora_eydouxi","35","UK","KI2015b",35,"636","","HD","5/8/2016","27.069","16.653","298.627","n","n","n","y","y","n","NONE","y","y","y","y","2","one branch bleached","","KI2015b","HighMed"
"KI15bFSYM018","KI2015b.tag88","KI15bFSYM018","88","coral","KI2015b","Pocillopora_eydouxi","35","dead","KI2015b",35,"88","","HD","5/8/2016","22.52","15.108","152.232","n","n","n","y","y","n","NONE","y","y","y","y","2","two branches fully bleached","","KI2015b","HighMed"
"KI15bFSYM029","KI2015b.tag105","KI15bFSYM029","105","coral","KI2015b","Montipora_foliosa","35","dead","KI2015b",35,"105","","HD","5/8/2016","56.748","43.141","1299.954","n","n","n","y","y","y","Halimeda","y","y","y","n","NONE","","","KI2015b","HighMed"
"KI15bFSYM034","KI2015b.tag116","KI15bFSYM034","116","coral","KI2015b","Pocillopora_eydouxi","35","dead","KI2015b",35,"116","","HD","5/8/2016","13.106","9.093","78.133","n","n","n","y","y","n","NONE","y","y","y","n","NONE","","","KI2015b","HighMed"
"KI15bFSYM036","KI2015b.tag120","KI15bFSYM036","120","coral","KI2015b","Pocillopora_eydouxi","35","dead","KI2015b",35,"120","","JM","1/6/2016","31.389","24.071","413.966","n","n","n","y","y","n","NONE","y","y","n","y","1","a few bleached patches ","","KI2015b","HighMed"
"KI15bFSYM037","KI2015b.tag132","KI15bFSYM037","132","coral","KI2015b","Pocillopora_eydouxi","30","dead","KI2015b",30,"132","","HD","5/8/2016","36.945","22.387","441.148","n","n","n","y","y","n","NONE","y","y","y","n","NONE","","","KI2015b","VeryHigh"
"KI15bFSYM040","KI2015b.tag129","KI15bFSYM040","129","coral","KI2015b","Pocillopora_eydouxi","30","alive","KI2015b",30,"129","","HD","5/8/2016","42.267","28.912","682.398","n","n","n","y","y","n","NONE","n","y","y","y","2","many branches bleached","","KI2015b","VeryHigh"
"KI15bFSYM044","KI2015b.tag135","KI15bFSYM044","135","coral","KI2015b","Pocillopora_eydouxi","30","gone","KI2015b",30,"135","","HD","15-09-2016","32.194","21.159","382.641","n","n","n","y","y","n","NONE","y","y","y","n","NONE","","","KI2015b","VeryHigh"
"KI15bFSYM052","KI2015b.tag149","KI15bFSYM052","149","coral","KI2015b","Pocillopora_eydouxi","30","dead","KI2015b",30,"149","","HD","15-09-2016","26.419","24.098","409.663","n","n","n","y","y","n","NONE","y","y","y","n","NONE","","","KI2015b","VeryHigh"
"KI15bFSYM054","KI2015b.tag151","KI15bFSYM054","151","coral","KI2015b","Porites_lobata","30","alive","KI2015b",30,"151","","HD","15-09-2016","36.539","31.14","846.224","n","y","n","y","y","n","NONE","y","y","y","y","1"," many small spots","","KI2015b","VeryHigh"
"KI15bFSYM059","KI2015b.tag428","KI15bFSYM059","428","coral","KI2015b","Montipora_foliosa","30","gone","KI2015b",30,"428","","HD","15-09-2016","49.739","17.299","724.641","n","n","n","y","y","n","NONE","y","y","y","n","NONE","","","KI2015b","VeryHigh"
"KI15bFSYM063","KI2015b.tag434","KI15bFSYM063","434","coral","KI2015b","Porites_lobata","30","gone","KI2015b",30,"434","","HD","15-09-2016","25.186","18.612","395.127","n","n","n","y","y","n","NONE","y","y","y","n","NONE","","","KI2015b","VeryHigh"
"KI15bFSYM071","KI2015b.tag440","KI15bFSYM071","440","coral","KI2015b","Pocillopora_eydouxi","30","dead","KI2015b",30,"440","","JM","2/6/2016","46.927","43.973","1243.278","n","n","n","y","y","n","NONE","y","y","n","n","NONE","","","KI2015b","VeryHigh"
"KI15bFSYM073","KI2015b.tag446","KI15bFSYM073","446","coral","KI2015b","Montipora_foliosa","30","UK","KI2015b",30,"446","","JM","2/6/2016","46.405","35.915","1016.413","n","n","n","y","y","n","NONE","y","y","y","n","NONE","","","KI2015b","VeryHigh"
"KI15bFSYM129","KI2015b.tag133","KI15bFSYM129","133","coral","KI2015b","Montipora_foliosa","30","gone","KI2015b",30,"133","","JM","2/6/2016","24.782","23.205","324.83","n","n","n","y","y","n","NONE","y","y","n","y","1","small bleached patch ","","KI2015b","VeryHigh"
"KI15bFSYM133","KI2015b.tag445_683","KI15bFSYM133","445_683","coral","KI2015b","Porites_lobata","30","gone","KI2015b",30,"445_683","","JM","8/6/2016","59.916","51.567","2378.294","n","y","n","y","y","n","NONE","y","y","y","y","1","many small bleached spots","","KI2015b","VeryHigh"
"KI15bFSYM141","KI2015b.tag451_871","KI15bFSYM141","451_871","coral","KI2015b","Porites_lobata","27","alive",NA,NA,NA,NA,NA,NA,NA,NA,NA,NA,NA,NA,NA,NA,NA,NA,NA,NA,NA,NA,NA,NA,NA,NA,"VeryHigh"
"KI15bFSYM143","KI2015b.tag469","KI15bFSYM143","469","coral","KI2015b","Pocillopora_eydouxi","27","UK",NA,NA,NA,NA,NA,NA,NA,NA,NA,NA,NA,NA,NA,NA,NA,NA,NA,NA,NA,NA,NA,NA,NA,NA,"VeryHigh"
"KI15bFSYM145","KI2015b.tag46","KI15bFSYM145","46","coral","KI2015b","Porites_lobata","27","alive","KI2015b",27,"46","","HD","20-05-2016","13.16","12.549","107.532","n","n","n","y","y","n","NONE","n","y","y","y","1","many small spots","","KI2015b","VeryHigh"
"KI15bFSYM146","KI2015b.tag684","KI15bFSYM146","684","coral","KI2015b","Montipora_foliosa","27","gone",NA,NA,NA,NA,NA,NA,NA,NA,NA,NA,NA,NA,NA,NA,NA,NA,NA,NA,NA,NA,NA,NA,NA,NA,"VeryHigh"
"KI15bFSYM150","KI2015b.tag688","KI15bFSYM150","688","coral","KI2015b","Pocillopora_eydouxi","27","gone","KI2015b",27,"688","","JL","6/5/2016","17.876","12.127","125.577","n","n","n","y","y","n","NONE","n","y","n","n","NONE","","","KI2015b","VeryHigh"
"KI15bFSYM154","KI2015b.tag109","KI15bFSYM154","109","coral","KI2015b","Pocillopora_eydouxi","35","dead","KI2015b",35,"109","","JM","1/6/2016","29.172","25.067","353.249","n","n","n","y","y","n","NONE","y","y","n","n","NONE","","","KI2015b","HighMed"
"KI15bFSYM155","KI2015b.tag114_692","KI15bFSYM155","114_692","coral","KI2015b","Pocillopora_eydouxi","35","UK","KI2015b",35,"114_692","","JM","1/6/2016","29.161","24.233","416.561","n","n","n","y","y","n","NONE","y","y","n","n","NONE","","","KI2015b","HighMed"
"KI15bFSYM158","KI2015b.tag121_693","KI15bFSYM158","121_693","coral","KI2015b","Montipora_foliosa","35","dead","KI2015b",35,"121_693","","JM","1/6/2016","26.047","20.061","298.353","n","n","n","y","y","n","NONE","y","y","y","n","NONE","","","KI2015b","HighMed"
"KI15bFSYM159","KI2015b.tag122b","KI15bFSYM159","122b","coral","KI2015b","Porites_lobata","35","gone","KI2015b",35,"122b","","JM","1/6/2016","45.054","31.82","833.309","n","n","n","y","y","n","NONE","y","y","y","n","NONE","","","KI2015b","HighMed"
"KI15bFSYM160","KI2015b.tag123","KI15bFSYM160","123","coral","KI2015b","Pocillopora_eydouxi","35","gone","KI2015b",35,"123","","JM","2/6/2016","23.579","19.172","165.883","n","n","n","y","y","n","NONE","y","y","y","n","NONE","","","KI2015b","HighMed"
"KI15bFSYM165","KI2015b.tag60","KI15bFSYM165","60","coral","KI2015b","Montipora_foliosa","8","dead","KI2015b",8,"60","","JM","1/6/2016","24.582","21.604","386.848","n","n","n","y","y","n","NONE","y","y","y","n","NONE ","","","KI2015b","HighMed"
"KI15bFSYM170","KI2015b.tag69_875","KI15bFSYM170","69_875","coral","KI2015b","Montipora_foliosa","8","UK","KI2015b",8,"69_875","","HD","2/8/2016","35.591","24.706","676.609","n","n","n","y","y","y","Halimeda","y","y","y","n","NONE","","","KI2015b","HighMed"
"KI15bFSYM173","KI2015b.tag84","KI15bFSYM173","84","coral","KI2015b","Pocillopora_eydouxi","8","dead","KI2015b",8,"84","","JM","1/6/2016","27.298","21.354","257.405","n","n","n","y","y","y","Halimeda","y","y","n","y","1","few branches bleaching","","KI2015b","HighMed"
"KI15bFSYM174","KI2015b.tag85","KI15bFSYM174","85","coral","KI2015b","Montipora_foliosa","8","gone","KI2015b",8,"85","","JL","5/4/2016","43.037","24.704","606.607","n","n","n","y","y","y","Halimeda, Peysson_red","y","y","y","n","NONE","","","KI2015b","HighMed"
"KI15bFSYM175","KI2015b.tag86","KI15bFSYM175","86","coral","KI2015b","Pocillopora_eydouxi","8","gone","KI2015b",8,"86","","JM","1/6/2016","27.844","19.416","321.519","n","n","n","y","y","n","NONE","y","y","n","n","NONE","","","KI2015b","HighMed"
"KI15bFSYM176","KI2015b.tag241","KI15bFSYM176","241","coral","KI2015b","Porites_lobata","8","alive","KI2015b",8,"241","","NO","23-03-2017","23.527","18.322","362.3","n","y","n","y","y","n","NONE","y","y","y","y","1","one severely bleached patch <5cm","","KI2015b","HighMed"
"KI15bFSYM180","KI2015b.tag256_697","KI15bFSYM180","256_697","coral","KI2015b","Montipora_foliosa","8","dead","KI2015b",8,"256_697","","JM","1/6/2016","24.55","23.731","284.952","n","n","n","y","y","y","Halimeda","y","y","y","n","NONE","","","KI2015b","HighMed"
"KI15bFSYM181","KI2015b.tag698","KI15bFSYM181","698","coral","KI2015b","Montipora_foliosa","8","dead","KI2015b",8,"698","","JM","2/6/2016","38.638","23.958","569.773","n","n","n","y","y","n","NONE","y","y","y","n","NONE","","","KI2015b","HighMed"
"KI15bFSYM182","KI2015b.tag717","KI15bFSYM182","717","coral","KI2015b","Porites_lobata","8","UK","KI2015b",8,"717","","JM","2/6/2016","28.02","22.694","438.637","n","y","n","y","y","n","NONE","y","y","n","n","NONE","","","KI2015b","HighMed"
"KI15bFSYM183","KI2015b.tag718","KI15bFSYM183","718","coral","KI2015b","Pocillopora_eydouxi","8","dead","KI2015b",8,"718","","JM","3/6/2016","24.627","23.966","345.243","n","n","n","y","y","n","NONE","y","y","n","n","NONE","","","KI2015b","HighMed"
"KI15bFSYM199","KI2015b.tag721","KI15bFSYM199","721","coral","KI2015b","Montipora_foliosa","27","gone","KI2015b",27,"721","","HD","20-05-2016","30.147","23.159","315.629","n","n","n","y","y","n","NONE","n","y","n","n","NONE","","","KI2015b","VeryHigh"
"KI15bFSYM208","KI2015b.tag730","KI15bFSYM208","730","coral","KI2015b","Montipora_foliosa","27","dead","KI2015b",27,"730","","JM","25-05-2016","26.543","18.205","278.394","n","n","n","y","y","n","NONE","y","y","y","n","NONE","","","KI2015b","VeryHigh"
"KI15bFSYM209","KI2015b.tag731","KI15bFSYM209","731","coral","KI2015b","Pocillopora_eydouxi","27","gone","KI2015b",27,"731","","JM","25-05-2016","24.32","21.48","310.924","n","n","n","y","y","n","NONE","y","y","n","n","NONE","","","KI2015b","VeryHigh"
"KI15bFSYM210","KI2015b.tag732","KI15bFSYM210","732","coral","KI2015b","Montipora_foliosa","27","gone","KI2015b",27,"732","","JM","25-05-2016","23.576","20.364","295.596","n","n","n","y","y","y","Halimeda","n","y","n","n","NONE","","","KI2015b","VeryHigh"
"KI15aFSYM093","KI2015a_Post.tag15","KI15aFSYM093","15","coral","KI2015a_Post","Porites_lobata","35","alive","KI2015a",35,"15","_Post","JL","24-03-2016","73.92","44.676","1867.252","n","y","n","y","y","y","Caulerpa, Peysson_red","y","y","y","n","NONE","bright pink disease around edges","","KI2015a_Post","HighMed"
"KI15aFSYM136","KI2015a_Post.tag142","KI15aFSYM136","142","coral","KI2015a_Post","Pocillopora_eydouxi","30","UK","KI2015a",30,"142","_Post","JL","22-03-2016","24.31","21.09","260.181","n","n","n","y","y","n","NONE","y","y","n","y","1","the tip of one branch is bleaching <5cm","","KI2015a_Post","VeryHigh"
"KI15bFSYM135","KI2015b.tag474","KI15bFSYM135","474","coral","KI2015b","Porites_lobata","27","gone","KI2015b",27,"474","","HD","6/5/2016","9.598","8.515","66.537","n","n","n","y","y","n","NONE","n","y","y","y","2","much of coral bleaching, many smaller patches","","KI2015b","VeryHigh"
"KI14FSYM136","KI2014.tag136","KI14FSYM136","136","coral","KI2014","Porites_lobata","30","gone","KI2014",30,"136","","JL","17-02-2016","29.32","23.286","551.707","n","y","n","y","y","n","NONE","n","y","n","n","NONE","","","KI2014","VeryHigh"
"KI15aFSYM132","KI2015a_Post.tag136","KI15aFSYM132","136","coral","KI2015a_Post","Porites_lobata","30","gone","KI2015a",30,"136","_Post","JL","22-03-2016","31.556","27.738","736.193","n","y","n","y","y","n","NONE","y","y","y","n","NONE","bright pink disease around algal patch","","KI2015a_Post","VeryHigh"
"KI15aFSYM154","KI2015a_Post.tag468","KI15aFSYM154","468","coral","KI2015a_Post","Pocillopora_eydouxi","27","UK","KI2015a",27,"468","_Post","JL","22-03-2016","16.423","14.536","125.463","n","n","n","y","y","n","NONE","y","y","y","n","NONE","","","KI2015a_Post","VeryHigh"
"KI15bFSYM134","KI2015b.tag476","KI15bFSYM134","476","coral","KI2015b","Porites_lobata","27","gone","KI2015b",27,"476","","HD","6/5/2016","14.678","9.921","106","n","y","n","y","y","n","NONE","y","y","y","y","2","much of coral bleaching, many smaller patches","","KI2015b","VeryHigh"
"KI14FSYM451","KI2014.tag451_871","KI14FSYM451","451_871","coral","KI2014","Porites_lobata","27","alive",NA,NA,NA,NA,NA,NA,NA,NA,NA,NA,NA,NA,NA,NA,NA,NA,NA,NA,NA,NA,NA,NA,NA,NA,"VeryHigh"
"KI15bFSYM041","KI2015b.tag131","KI15bFSYM041","131","coral","KI2015b","Porites_lobata","30","UK",NA,NA,NA,NA,NA,NA,NA,NA,NA,NA,NA,NA,NA,NA,NA,NA,NA,NA,NA,NA,NA,NA,NA,NA,"VeryHigh"
"KI14FSYM063","KI2014.tag63","KI14FSYM063","63","coral","KI2014","Porites_lobata","8","alive","KI2014",8,"63","","JL","1/2/2016","29.704","24.321","408.447","n","n","n","y","y","n","NONE","y","y","y","y","2","large patches of bleaching ","","KI2014","HighMed"
"KI15bFSYM128","KI2015b.tag682","KI15bFSYM128","682","coral","KI2015b","Porites_lobata","30","gone","KI2015b",30,"682","","NO","23-03-2017","27.9","20.663","396.788","n","y","n","y","y","n","NONE","y","y","n","n","NONE","2.54cm scale used","","KI2015b","VeryHigh"
"KI14FSYM135","KI2014.tag135","KI14FSYM135","135","coral","KI2014","Pocillopora_eydouxi","30","gone","KI2014",30,"135","","JL","17-02-2016","25.491","17.09","234.333","n","n","n","y","y","n","NONE","y","y","n","n","NONE","","","KI2014","VeryHigh"
"KI14FSYM008","KI2014.tag8","KI14FSYM008","8","coral","KI2014","Porites_lobata","35","UK","KI2014",35,"8","","JL","20-01-2016","48.676","34.719","1190.738","n","n","n","y","y","n","NONE","y","y","y","n","NONE","","","KI2014","HighMed"
"KI15bFSYM064","KI2015b.tag436","KI15bFSYM064","436","coral","KI2015b","Pocillopora_eydouxi","30","UK","KI2015b",30,"436","","HD","15-09-2016","39.236","24.064","662.267","n","n","n","y","y","n","NONE","y","y","y","n","NONE","","","KI2015b","VeryHigh"
"KI15aFSYM107","KI2015a_Post.tag106","KI15aFSYM107","106","coral","KI2015a_Post","Pocillopora_eydouxi","35","dead","KI2015a",35,"106","_Post","HD","23-03-2016","23.912","22.565","326.909","n","n","n","n","y","y","Halimeda, Peysson_red","n","y","y","n","NONE","","","KI2015a_Post","HighMed"
"KI15aFSYM085","KI2015a_Post.tag5","KI15aFSYM085","5","coral","KI2015a_Post","Porites_lobata","35","alive","KI2015a",35,"5","_Post","JL","22-03-2016","87.012","55.353","2652.834","n","y","n","y","y","y","Halimeda, Peysson_red","y","y","y","n","NONE","bright pink disease around edges","","KI2015a_Post","HighMed"
"KI15aFSYM010","KI2015a_Pre.tag9","KI15aFSYM010","9","coral","KI2015a_Pre","Pocillopora_eydouxi","35","UK",NA,NA,NA,NA,NA,NA,NA,NA,NA,NA,NA,NA,NA,NA,NA,NA,NA,NA,NA,NA,NA,NA,NA,NA,"HighMed"
"KI15bFSYM006","KI2015b.tag8","KI15bFSYM006","8","coral","KI2015b","Porites_lobata","35","UK",NA,NA,NA,NA,NA,NA,NA,NA,NA,NA,NA,NA,NA,NA,NA,NA,NA,NA,NA,NA,NA,NA,NA,NA,"HighMed"
"KI15aFSYM146","KI2015a_Post.tag387","KI15aFSYM146","387","coral","KI2015a_Post","Porites_lobata","30","gone","KI2015a",30,"387","_Post","DL","23-03-2016","45.619","30.002","808.642","n","y","n","y","y","n","NONE","y","y","y","n","NONE","","","KI2015a_Post","VeryHigh"
"KI15aFSYM131","KI2015a_Post.tag135","KI15aFSYM131","135","coral","KI2015a_Post","Pocillopora_eydouxi","30","gone","KI2015a",30,"135","_Post","JL","22-03-2016","28.267","20.126","320.871","n","n","n","y","y","n","NONE","n","y","n","n","NONE","","","KI2015a_Post","VeryHigh"
